order_id,customer_id,restaurant_name,cuisine_type,cost_of_the_order,day_of_the_week,rating,food_preparation_time,delivery_time,user,item
1477070,66393,Cafe Habana,Mexican,12.23,Weekday,5.0,23,28,162,25
1477334,106968,Blue Ribbon Fried Chicken,American,29.2,Weekend,3.0,25,15,349,16
1478249,76942,Dirty Bird to Go,American,11.59,Weekday,4.0,25,24,206,41
1477224,147468,Tamarind TriBeCa,Indian,25.22,Weekday,3.0,20,24,489,126
1477859,89574,Barbounia,Mediterranean,5.97,Weekday,3.0,33,30,264,10
1477174,121706,Anjappar Chettinad,Indian,16.44,Weekday,5.0,21,26,384,6
1477311,39705,Bukhara Grill,Indian,7.18,Weekday,5.0,29,26,22,22
1478437,221206,Empanada Mama (closed),Mexican,8.1,Weekend,5.0,23,22,572,48
1476966,129969,Blue Ribbon Fried Chicken,American,24.3,Weekend,5.0,23,17,422,16
1477449,104548,Pylos,Mediterranean,11.3,Weekend,3.0,24,23,332,102
1477414,66222,Shake Shack,American,16.2,Weekend,5.0,33,25,159,117
1477138,47280,RedFarm Hudson,Chinese,14.12,Weekend,4.0,25,24,63,105
1477354,67487,Blue Ribbon Sushi,Japanese,16.2,Weekend,4.0,35,26,168,17
1478296,250494,Five Guys Burgers and Fries,American,24.2,Weekend,4.0,21,24,603,49
1478287,150599,Shake Shack,American,29.1,Weekday,5.0,21,30,497,117
1476693,41877,Cafe Mogador,Middle Eastern,29.1,Weekday,5.0,20,29,35,26
1476995,371590,The Meatball Shop,Italian,21.88,Weekday,5.0,24,27,796,132
1478289,318874,The Kati Roll Company,Indian,31.33,Weekend,5.0,28,25,693,129
1477699,302790,Klong,Thai,29.05,Weekend,5.0,35,24,664,74
1478244,181782,Parm,Italian,29.1,Weekend,5.0,30,26,533,94
1478017,148649,Blue Ribbon Sushi,Japanese,16.01,Weekday,4.0,23,31,491,17
1476871,118709,The Meatball Shop,Italian,24.3,Weekday,4.0,31,29,374,132
1477999,208020,Haru Gramercy Park,Japanese,29.83,Weekday,5.0,20,32,560,58
1477425,378482,Chipotle Mexican Grill $1.99 Delivery,Mexican,19.35,Weekend,4.0,21,18,813,31
1477267,133637,RedFarm Broadway,Chinese,24.25,Weekend,5.0,22,15,437,104
1476908,365237,Five Guys Burgers and Fries,American,22.75,Weekend,5.0,30,20,777,49
1476581,322162,The Meatball Shop,Italian,6.74,Weekend,5.0,29,23,699,132
1476930,198802,DuMont Burger,American,29.05,Weekend,5.0,22,30,551,46
1477621,122864,Sarabeth's East,American,13.78,Weekend,4.0,34,24,388,111
1477251,81110,Hill Country Fried Chicken,Southern,16.93,Weekend,5.0,33,21,228,62
1477205,112036,TAO,Japanese,20.23,Weekend,5.0,22,20,362,125
1477760,130507,Jack's Wife Freda,Mediterranean,22.75,Weekend,3.0,35,29,424,69
1476562,129486,Mamoun's Falafel,Mediterranean,14.12,Weekend,3.0,31,15,418,81
1477692,313340,Sushi of Gari 46,Japanese,14.6,Weekday,3.0,24,24,681,123
1477889,177250,RedFarm Hudson,Chinese,12.23,Weekday,5.0,25,33,528,105
1477243,176234,Prosperity Dumpling,Chinese,14.02,Weekend,5.0,20,30,525,101
1476820,152786,Cafe Habana,Mexican,31.38,Weekend,4.0,23,27,501,25
1478359,361616,Blue Ribbon Brooklyn,American,24.2,Weekday,3.0,22,32,766,15
1476841,398426,RedFarm Broadway,Chinese,12.46,Weekend,4.0,24,20,848,104
1477125,130820,Nobu Next Door,Japanese,15.86,Weekend,5.0,29,23,426,88
1477475,65009,Blue Ribbon Fried Chicken,American,32.93,Weekend,5.0,24,23,154,16
1476651,58092,Shake Shack,American,8.0,Weekend,5.0,27,23,106,117
1477518,133202,Sushi Samba,Japanese,29.05,Weekend,5.0,31,16,432,121
1477821,277898,Haandi,Indian,5.67,Weekday,4.0,23,31,626,55
1477921,97079,Benihana,Japanese,29.29,Weekend,5.0,20,18,303,12
1477938,150002,The Kati Roll Company,Indian,16.15,Weekend,5.0,20,29,495,129
1477581,231061,Han Dynasty,Chinese,13.34,Weekend,4.0,34,27,581,57
1477975,56722,Shake Shack,American,9.75,Weekend,5.0,33,25,102,117
1477601,107909,Cafeteria,American,6.69,Weekday,4.0,21,32,351,28
1477790,133617,Shake Shack,American,4.75,Weekday,4.0,35,28,436,117
1477385,67538,Chipotle Mexican Grill $1.99 Delivery,Mexican,12.56,Weekend,5.0,22,18,169,31
1476796,78939,Nobu Next Door,Japanese,16.3,Weekday,3.0,20,24,219,88
1478031,309513,Otto Enoteca Pizzeria,Italian,13.05,Weekday,5.0,33,27,678,92
1477740,129798,TAO,Japanese,25.27,Weekday,4.0,24,24,421,125
1478384,184085,Hill Country Fried Chicken,Southern,14.79,Weekend,5.0,35,15,536,62
1478183,329710,Shake Shack,American,5.72,Weekday,3.0,31,24,709,117
1477569,65009,Chote Nawab,Indian,16.15,Weekend,5.0,24,30,154,34
1478211,154030,RedFarm Hudson,Chinese,33.03,Weekend,4.0,26,22,503,105
1476635,86731,Mission Cantina,Mexican,16.2,Weekend,5.0,31,18,249,84
1476921,121476,Blue Ribbon Fried Chicken,American,12.18,Weekday,3.0,29,27,381,16
1476689,305522,Shake Shack,American,24.2,Weekday,4.0,29,29,675,117
1477767,68976,Sarabeth's East,American,17.03,Weekend,3.0,26,30,182,111
1478169,80460,Rubirosa,Italian,21.83,Weekend,3.0,30,27,223,106
1477240,142356,Blue Ribbon Sushi,Japanese,11.83,Weekend,4.0,26,21,469,17
1476564,83287,Five Guys Burgers and Fries,American,24.3,Weekend,5.0,30,20,237,49
1477824,345899,TAO,Japanese,20.47,Weekend,4.0,26,30,732,125
1477617,38050,Blue Ribbon Sushi,Japanese,12.18,Weekend,5.0,28,25,13,17
1477978,259341,Joe's Shanghai _Àü£¾÷´,Chinese,15.81,Weekend,5.0,20,26,609,70
1477281,309513,Otto Enoteca Pizzeria,Italian,22.36,Weekend,5.0,26,27,678,92
1478223,234089,Blue Ribbon Sushi,Japanese,8.68,Weekend,5.0,34,27,587,17
1476654,63020,The Odeon,American,12.9,Weekday,3.0,31,28,142,133
1477296,222879,Parm,Italian,29.15,Weekday,5.0,23,27,576,94
1478321,275535,Pongsri Thai,Thai,13.05,Weekday,4.0,31,24,622,100
1477942,49793,Yama Japanese Restaurant,Japanese,22.36,Weekend,5.0,30,16,76,150
1476770,65009,Blue Ribbon Fried Chicken,American,7.86,Weekday,4.0,22,33,154,16
1477993,91907,Momoya,Japanese,16.98,Weekday,5.0,31,32,275,85
1478072,82041,Osteria Morini,Italian,12.95,Weekend,5.0,26,28,234,91
1476935,59419,Blue Ribbon Fried Chicken,American,11.69,Weekend,5.0,21,24,116,16
1477188,146588,Sushi of Gari,Japanese,12.18,Weekday,5.0,25,24,488,122
1477405,128243,The Meatball Shop,Italian,6.74,Weekend,5.0,26,30,412,132
1478340,230535,Shake Shack,American,10.38,Weekend,3.0,24,29,579,117
1477044,127122,RedFarm Broadway,Chinese,6.79,Weekend,5.0,33,28,405,104
1477110,144997,RedFarm Hudson,Chinese,29.05,Weekend,4.0,22,28,481,105
1477117,104336,Nobu Next Door,Japanese,5.77,Weekday,4.0,29,24,330,88
1478402,232582,CafÌ© China,Chinese,32.93,Weekday,3.0,26,28,586,29
1477431,195927,Boqueria,Spanish,12.13,Weekend,5.0,30,20,546,20
1476835,264707,TAO,Japanese,9.56,Weekend,5.0,21,17,616,125
1477177,42385,Song Thai Restaurant & Bar,Thai,24.2,Weekend,5.0,21,26,40,119
1478269,250494,The Meatball Shop,Italian,11.16,Weekday,5.0,22,28,603,132
1476663,40010,Parm,Italian,19.35,Weekend,4.0,35,19,23,94
1477904,48131,RedFarm Hudson,Chinese,16.1,Weekend,4.0,23,29,68,105
1477750,97806,Shake Shack,American,16.49,Weekend,5.0,32,22,307,117
1476659,52463,RedFarm Broadway,Chinese,31.33,Weekend,3.0,33,23,84,104
1477616,128600,Tamarind TriBeCa,Indian,14.07,Weekend,4.0,26,21,414,126
1477752,298824,Shake Shack,American,16.25,Weekday,3.0,30,24,656,117
1477239,94524,The Meatball Shop,Italian,22.36,Weekend,4.0,28,18,290,132
1476590,342107,The Kati Roll Company,Indian,16.83,Weekend,4.0,26,20,722,129
1478305,62359,Rubirosa,Italian,8.0,Weekday,4.0,27,29,137,106
1477831,60052,RedFarm Broadway,Chinese,16.01,Weekday,4.0,23,27,123,104
1476568,348787,Otto Enoteca Pizzeria,Italian,19.4,Weekday,4.0,32,28,736,92
1478391,184325,Pinto Nouveau Thai Bistro,Thai,19.35,Weekend,4.0,34,24,537,99
1476725,42935,Barbounia,Mediterranean,13.97,Weekend,5.0,29,25,47,10
1476805,93133,Parm,Italian,22.8,Weekday,5.0,33,33,282,94
1478093,268958,Barbounia,Mediterranean,20.18,Weekend,5.0,29,19,618,10
1478201,370017,RedFarm Broadway,Chinese,19.59,Weekend,5.0,24,19,791,104
1478032,146586,Dirty Bird to Go,American,19.4,Weekend,4.0,25,19,487,41
1477570,292343,Amy Ruth's,Southern,16.11,Weekend,4.0,30,26,646,5
1476808,84700,Pepe Giallo,Italian,14.6,Weekday,3.0,32,24,242,95
1477366,275689,Han Dynasty,Chinese,14.12,Weekend,4.0,35,19,623,57
1477774,354719,The Meatball Shop,Italian,29.15,Weekend,5.0,34,20,751,132
1478334,352247,Chipotle Mexican Grill $1.99 Delivery,Mexican,25.22,Weekend,4.0,27,22,746,31
1478417,87747,Blue Ribbon Fried Chicken,American,9.02,Weekend,5.0,31,15,256,16
1477764,131645,Yama 49,Japanese,13.0,Weekday,5.0,24,32,429,149
1477835,129518,Blue Ribbon Fried Chicken,American,15.33,Weekday,4.0,24,29,419,16
1476997,103005,Yama Japanese Restaurant,Japanese,14.55,Weekend,5.0,20,28,324,150
1477004,250494,Five Guys Burgers and Fries,American,33.03,Weekend,5.0,29,15,603,49
1477536,105164,Piccolo Angolo,Italian,15.91,Weekend,4.0,26,26,338,98
1478313,160957,Momoya,Japanese,12.18,Weekend,4.0,27,25,511,85
1476657,91192,Hill Country Fried Chicken,Southern,29.35,Weekend,4.0,26,24,271,62
1478089,134294,Shake Shack,American,15.28,Weekday,4.0,30,29,441,117
1478026,365225,Pepe Rosso To Go,Italian,12.23,Weekday,3.0,24,24,776,96
1477768,279895,Shake Shack,American,9.6,Weekday,4.0,35,28,627,117
1478378,384391,Shake Shack,American,8.88,Weekend,5.0,27,23,820,117
1477493,328357,Shake Shack,American,15.96,Weekend,3.0,30,21,706,117
1478092,41318,Jack's Wife Freda,Mediterranean,15.47,Weekend,5.0,33,16,31,69
1477150,92832,Five Guys Burgers and Fries,American,12.23,Weekend,5.0,22,22,279,49
1478157,58871,Shake Shack,American,8.05,Weekday,4.0,25,27,110,117
1478343,231042,Momoya,Japanese,8.54,Weekday,4.0,28,29,580,85
1476860,336162,Nobu Next Door,Japanese,29.15,Weekday,5.0,28,25,718,88
1477675,76907,Han Dynasty,Chinese,7.23,Weekend,5.0,21,18,205,57
1476799,389740,L'Express,French,19.69,Weekend,3.0,26,17,836,76
1476598,41168,Parm,Italian,12.13,Weekend,3.0,34,22,27,94
1478173,91005,Han Dynasty,Chinese,24.25,Weekend,5.0,33,26,267,57
1477528,128963,Han Dynasty,Chinese,5.67,Weekday,4.0,21,31,416,57
1478426,124085,Blue Ribbon Sushi Bar & Grill,Japanese,14.12,Weekend,3.0,21,24,391,18
1478189,105138,Han Dynasty,Chinese,8.97,Weekend,4.0,33,19,337,57
1477532,95164,Amma,Indian,8.88,Weekday,4.0,27,24,295,4
1477324,263426,Blue Ribbon Sushi Izakaya,Japanese,12.13,Weekday,5.0,30,29,615,19
1478290,263199,Sushi of Gari 46,Japanese,31.43,Weekend,4.0,35,23,614,123
1476919,387227,Blue Ribbon Sushi Bar & Grill,Japanese,13.15,Weekend,5.0,30,30,833,18
1477247,385559,Blue Ribbon Fried Chicken,American,14.02,Weekend,5.0,20,28,830,16
1477615,136876,Rubirosa,Italian,14.07,Weekend,5.0,35,16,446,106
1477310,38612,Vanessa's Dumplings,Chinese,6.7,Weekend,5.0,20,17,15,141
1477758,334619,Blue Ribbon Sushi Izakaya,Japanese,14.07,Weekday,4.0,24,26,714,19
1477765,92996,Tamarind TriBeCa,Indian,19.45,Weekend,4.0,29,19,280,126
1476753,195723,Cafe Habana,Mexican,13.97,Weekday,3.0,34,28,545,25
1476759,268958,Sushi of Gari 46,Japanese,12.22,Weekend,4.0,24,20,618,123
1477333,111356,Bhatti Indian Grill,Indian,29.25,Weekend,5.0,21,15,361,13
1478227,367591,Taro Sushi,Japanese,16.05,Weekday,5.0,35,32,786,127
1476789,103005,Yama Japanese Restaurant,Japanese,17.08,Weekend,5.0,28,15,324,150
1478246,260680,Delicatessen,American,32.98,Weekend,5.0,34,16,610,36
1476931,124838,Hill Country Fried Chicken,Southern,29.15,Weekend,5.0,33,25,393,62
1477029,295111,The Meatball Shop,Italian,13.0,Weekday,5.0,23,26,649,132
1478179,52832,Han Dynasty,Chinese,12.23,Weekend,3.0,33,27,86,57
1477587,92726,Hatsuhana,Japanese,8.97,Weekend,4.0,25,26,277,59
1477887,69348,RedFarm Broadway,Chinese,11.64,Weekend,3.0,26,21,184,104
1478366,270149,Samurai Mama,Japanese,11.64,Weekend,5.0,21,18,619,109
1478279,354016,Waverly Diner,American,19.4,Weekend,5.0,25,23,750,143
1477394,105754,Momoya,Japanese,14.02,Weekday,4.0,24,30,341,85
1476667,157578,P.J. Clarke's,American,6.11,Weekend,4.0,27,25,508,93
1476975,350373,Blue Ribbon Fried Chicken,American,12.23,Weekend,4.0,21,26,742,16
1476579,85633,The Meatball Shop,Italian,24.2,Weekend,5.0,24,24,245,132
1476685,96877,The Meatball Shop,Italian,22.26,Weekday,4.0,30,26,300,132
1477912,261400,The Meatball Shop,Italian,19.45,Weekday,5.0,31,32,612,132
1476882,68429,Shake Shack,American,15.76,Weekend,5.0,24,22,179,117
1477314,52832,ilili Restaurant,Middle Eastern,9.46,Weekday,4.0,25,25,86,154
1477712,373633,Yama 49,Japanese,12.61,Weekday,5.0,23,28,801,149
1477057,390490,Blue Ribbon Brooklyn,American,22.85,Weekend,3.0,23,19,839,15
1477926,72639,P.J. Clarke's,American,12.18,Weekend,3.0,22,28,192,93
1478003,129597,Otto Enoteca Pizzeria,Italian,12.13,Weekend,5.0,33,21,420,92
1476947,46859,The Meatball Shop,Italian,8.54,Weekday,5.0,24,29,61,132
1476974,142461,Shake Shack,American,12.13,Weekend,4.0,32,15,470,117
1478005,97991,Blue Ribbon Sushi Bar & Grill,Japanese,19.45,Weekday,5.0,34,27,308,18
1476653,113972,RedFarm Hudson,Chinese,12.13,Weekend,3.0,31,25,365,105
1478440,231042,Momoya,Japanese,12.13,Weekend,5.0,22,21,580,85
1477920,83504,Balthazar Boulangerie,French,29.15,Weekday,4.0,31,28,239,9
1477797,194778,Shake Shack,American,16.06,Weekend,5.0,30,17,544,117
1477640,105992,RedFarm Broadway,Chinese,24.3,Weekend,5.0,27,29,344,104
1477091,373486,Chipotle Mexican Grill $1.99 Delivery,Mexican,9.6,Weekend,3.0,23,26,800,31
1478324,250494,Blue Ribbon Fried Chicken,American,29.1,Weekend,4.0,21,22,603,16
1477573,58898,RedFarm Broadway,Chinese,21.39,Weekend,5.0,23,24,111,104
1476856,59674,Woorijip,Korean,8.25,Weekend,3.0,26,26,118,146
1477265,115238,The Smile,American,19.4,Weekday,5.0,26,27,370,134
1477723,368663,Shake Shack,American,12.18,Weekend,4.0,23,28,788,117
1478020,128353,The Meatball Shop,Italian,14.94,Weekend,5.0,32,25,413,132
1477032,60052,Rubirosa,Italian,29.1,Weekend,5.0,30,28,123,106
1478221,47280,Rubirosa,Italian,12.56,Weekend,4.0,31,17,63,106
1477747,183520,Blue Ribbon Sushi,Japanese,9.17,Weekend,3.0,25,28,535,17
1477389,391860,Lucky's Famous Burgers,American,16.2,Weekend,5.0,32,27,841,80
1477983,334373,Five Guys Burgers and Fries,American,14.12,Weekday,5.0,23,32,713,49
1477642,370405,Haveli Indian Restaurant,Indian,5.72,Weekend,3.0,24,26,794,60
1477301,232035,Blue Ribbon Fried Chicken,American,12.18,Weekend,4.0,22,29,582,16
1476979,81166,Dos Caminos,Mexican,6.11,Weekend,5.0,26,21,230,44
1476867,91879,da Umberto,Italian,12.27,Weekday,5.0,20,30,274,153
1477834,22405,The Meatball Shop,Italian,20.18,Weekend,4.0,32,26,5,132
1477577,290693,Shake Shack,American,14.02,Weekend,5.0,26,21,643,117
1477492,64658,Blue Ribbon Sushi Bar & Grill,Japanese,16.2,Weekday,5.0,27,27,150,18
1478075,232359,The Meatball Shop,American,29.25,Weekend,3.0,21,19,584,132
1477677,181782,Parm,Italian,8.78,Weekend,3.0,23,26,533,94
1476589,146588,Sushi of Gari,Japanese,15.96,Weekend,5.0,23,22,488,122
1477828,360844,Tamarind TriBeCa,Indian,8.59,Weekday,5.0,32,31,763,126
1477680,353606,P.J. Clarke's,American,15.62,Weekday,5.0,27,32,748,93
1477468,109221,Tortaria,Mexican,13.0,Weekday,5.0,21,24,354,136
1476619,78318,RedFarm Hudson,Chinese,12.23,Weekend,4.0,24,19,215,105
1478081,118776,Blue Ribbon Sushi Bar & Grill,Japanese,5.87,Weekend,4.0,31,20,375,18
1477598,81110,Hill Country Fried Chicken,Southern,24.2,Weekend,4.0,25,15,228,62
1477624,104336,Shake Shack,American,19.45,Weekday,4.0,28,24,330,117
1478152,304708,Parm,Italian,5.92,Weekend,3.0,21,25,673,94
1478396,74925,Cafe Mogador,Middle Eastern,24.2,Weekend,4.0,32,22,200,26
1478372,133202,Sushi Samba,Japanese,6.11,Weekend,5.0,30,27,432,121
1476999,63417,Pepe Rosso To Go,Italian,24.2,Weekend,3.0,27,19,145,96
1476599,47386,Bubby's ,American,22.75,Weekend,5.0,32,16,64,21
1476548,122609,Blue Ribbon Sushi,Japanese,6.84,Weekend,4.0,20,30,387,17
1477099,391746,Blue Ribbon Sushi,Japanese,24.3,Weekend,4.0,35,18,840,17
1477508,62027,Momoya,Japanese,19.35,Weekend,4.0,27,28,135,85
1478067,237616,Shake Shack,American,12.13,Weekday,3.0,22,27,591,117
1476946,103526,Burger Joint,American,9.02,Weekday,5.0,24,29,327,23
1477163,376578,Shake Shack,American,15.76,Weekend,5.0,32,24,807,117
1476732,212469,Blue Ribbon Fried Chicken,American,33.03,Weekend,5.0,34,24,566,16
1477987,104563,Blue Ribbon Sushi,Japanese,24.25,Weekend,4.0,24,23,334,17
1477014,399520,Xe May Sandwich Shop,Vietnamese,7.96,Weekend,5.0,25,29,852,147
1476640,142773,Hibino,Japanese,14.02,Weekend,4.0,28,15,475,61
1478272,318874,The Kati Roll Company,Indian,14.07,Weekend,5.0,33,17,693,129
1477026,355592,CafÌ© China,Chinese,21.83,Weekend,4.0,32,15,755,29
1476560,149508,Shake Shack,American,22.26,Weekend,4.0,32,17,493,117
1478088,77540,Nobu Next Door,Japanese,9.7,Weekend,5.0,30,29,211,88
1477964,165130,The Meatball Shop,Italian,12.13,Weekday,4.0,22,32,516,132
1477708,141908,Bareburger,American,6.07,Weekend,4.0,23,15,464,11
1476623,277898,Blue Ribbon Fried Chicken,American,24.3,Weekend,5.0,22,26,626,16
1476912,149386,Yama Japanese Restaurant,Japanese,8.78,Weekend,4.0,22,28,492,150
1477196,50123,Cafe Habana,Mexican,4.85,Weekend,5.0,28,22,78,25
1477531,52463,RedFarm Broadway,Chinese,6.06,Weekend,3.0,32,18,84,104
1477844,134340,Mira Sushi,Japanese,13.05,Weekend,4.0,33,29,442,83
1476618,351749,Shake Shack,American,12.13,Weekday,5.0,30,26,744,117
1477256,196355,Shake Shack,American,12.18,Weekday,5.0,23,31,548,117
1477791,300549,Shake Shack,American,7.23,Weekend,3.0,29,18,658,117
1477631,115519,The Meatball Shop,Italian,12.23,Weekend,4.0,31,28,371,132
1477566,211697,Shake Shack,American,9.07,Weekday,4.0,21,32,565,117
1478136,61388,Five Guys Burgers and Fries,American,14.12,Weekend,4.0,27,27,132,49
1477690,370096,Melt Shop,American,21.93,Weekend,5.0,30,18,793,82
1477237,59217,Jack's Wife Freda,Mediterranean,16.15,Weekend,4.0,26,22,115,69
1477107,211697,Shake Shack,American,7.08,Weekend,4.0,25,23,565,117
1478108,87188,Momoya,Japanese,32.93,Weekday,3.0,28,27,253,85
1477535,125123,S'MAC,American,15.57,Weekend,5.0,34,28,395,108
1477517,77793,The Meatball Shop,Italian,29.15,Weekend,5.0,23,30,213,132
1478029,403019,S'MAC,American,15.47,Weekday,5.0,31,32,858,108
1476585,141918,S'MAC,American,12.37,Weekend,4.0,30,28,465,108
1476664,164016,Blue Ribbon Fried Chicken,American,24.3,Weekday,5.0,20,27,512,16
1477271,94152,The Meatball Shop,Italian,17.08,Weekday,5.0,22,26,288,132
1477094,384571,Blue Ribbon Fried Chicken,American,22.31,Weekday,5.0,28,27,822,16
1477722,347263,Dos Caminos,Mexican,12.08,Weekday,5.0,26,26,734,44
1476831,169478,RedFarm Broadway,Chinese,12.61,Weekend,4.0,32,17,520,104
1477843,241719,Blue Ribbon Sushi Izakaya,Japanese,13.1,Weekday,5.0,24,28,598,19
1477323,59181,RedFarm Hudson,Chinese,12.13,Weekend,5.0,28,29,114,105
1477711,67647,J. G. Melon,American,12.66,Weekend,4.0,23,20,170,68
1477278,347263,Hummus Place,Middle Eastern,16.15,Weekend,4.0,30,28,734,64
1477663,93133,Nobu Next Door,Japanese,29.29,Weekday,4.0,30,24,282,88
1477195,64830,Cafeteria,American,20.47,Weekday,3.0,32,24,152,28
1476996,149984,Sushi of Gari 46,Japanese,16.44,Weekend,4.0,24,27,494,123
1477193,304291,P.J. Clarke's,American,5.92,Weekday,3.0,33,30,669,93
1477154,143796,S'MAC,American,5.92,Weekday,4.0,34,30,477,108
1478355,68103,The Meatball Shop,Italian,21.83,Weekend,4.0,30,20,175,132
1478159,57943,Shake Shack,American,15.76,Weekend,3.0,35,29,104,117
1476910,397362,TAO,Japanese,8.1,Weekend,5.0,32,16,846,125
1476660,47280,Blue Ribbon Sushi,Japanese,12.18,Weekend,5.0,34,29,63,17
1477558,268365,Cafe Mogador,Middle Eastern,25.17,Weekend,4.0,23,30,617,26
1477233,110138,Saravanaa Bhavan,Indian,9.12,Weekday,5.0,28,28,356,114
1477731,122609,Blue Ribbon Sushi Izakaya,Japanese,24.25,Weekend,5.0,33,21,387,19
1478046,53289,The Loop,Japanese,31.38,Weekend,4.0,26,24,87,130
1478398,137617,Blue Ribbon Fried Chicken,American,24.3,Weekend,5.0,34,21,448,16
1477991,69713,The Meatball Shop,Italian,19.35,Weekend,5.0,21,23,185,132
1477901,353676,indikitch,Indian,9.26,Weekend,5.0,33,26,749,155
1478247,104555,Sushi of Gari,Japanese,32.98,Weekend,4.0,34,21,333,122
1477875,154022,Blue Ribbon Sushi Bar & Grill,Japanese,12.18,Weekend,5.0,22,18,502,18
1476749,351799,Sushi of Gari Tribeca,Japanese,9.55,Weekend,4.0,35,25,745,124
1477500,152786,Cafe Habana,Mexican,14.07,Weekend,4.0,26,21,501,25
1478337,100527,Empanada Mama (closed),Mexican,5.92,Weekday,3.0,34,25,314,48
1476736,60835,Nobu Next Door,Japanese,12.46,Weekend,4.0,35,28,126,88
1477372,55227,Sushi of Gari Tribeca,Japanese,29.2,Weekend,5.0,32,22,99,124
1478158,232035,Balade,Middle Eastern,9.22,Weekday,5.0,25,24,582,8
1477472,67845,RedFarm Hudson,Chinese,29.34,Weekend,5.0,27,29,173,105
1477738,97346,Osteria Morini,Italian,12.13,Weekend,5.0,22,26,305,91
1477403,87603,The Meatball Shop,American,6.69,Weekend,4.0,27,27,255,132
1477392,203370,Chipotle Mexican Grill $1.99 Delivery,Mexican,15.57,Weekend,4.0,31,20,556,31
1477877,360844,RedFarm Broadway,Chinese,19.35,Weekend,5.0,33,18,763,104
1477586,84087,The Meatball Shop,Italian,8.78,Weekday,5.0,34,33,240,132
1477643,139827,RedFarm Hudson,Chinese,5.77,Weekend,4.0,33,28,454,105
1478380,110091,The Meatball Shop,Italian,9.41,Weekday,5.0,30,32,355,132
1476915,142273,Pepe Rosso To Go,Italian,15.57,Weekend,5.0,29,27,468,96
1478109,87006,Nobu Next Door,Japanese,11.59,Weekend,5.0,26,24,251,88
1476914,141445,Parm,Italian,16.3,Weekend,3.0,26,23,459,94
1477463,66505,Mamoun's Falafel,Mediterranean,12.18,Weekday,5.0,25,30,163,81
1477427,291891,The Kati Roll Company,Indian,17.03,Weekend,5.0,24,22,645,129
1476944,105614,Terakawa Ramen,Japanese,8.54,Weekday,3.0,27,25,340,128
1477220,41249,Kambi Ramen House,Japanese,32.93,Weekend,5.0,35,19,30,72
1477037,79215,Blue Ribbon Sushi,Japanese,12.23,Weekend,3.0,33,21,220,17
1477248,349123,Shake Shack,American,12.95,Weekday,5.0,20,30,737,117
1476740,60873,Jack's Wife Freda,Mediterranean,25.17,Weekday,4.0,31,25,128,69
1478052,77544,Shake Shack,American,24.3,Weekend,4.0,35,16,212,117
1477130,365469,Wo Hop Restaurant,Chinese,14.16,Weekend,4.0,22,16,779,145
1477856,143984,The Smile,American,25.17,Weekend,3.0,31,15,478,134
1477592,87357,Shake Shack,American,31.43,Weekend,5.0,30,19,254,117
1477230,284455,Shake Shack,American,12.66,Weekend,5.0,35,24,634,117
1477749,362842,Cafe Habana,Mexican,9.75,Weekday,5.0,34,30,772,25
1476916,52832,Dickson's Farmstand Meats,American,15.72,Weekend,4.0,23,28,86,38
1477785,77306,Xi'an Famous Foods,Chinese,24.3,Weekend,4.0,32,29,207,148
1476650,88201,J. G. Melon,American,8.35,Weekend,5.0,29,23,261,68
1476643,88185,Momoya,Japanese,22.85,Weekend,4.0,32,17,260,85
1476994,141576,Blue Ribbon Sushi Bar & Grill,Japanese,19.35,Weekday,5.0,23,28,462,18
1476934,126134,Jack's Wife Freda,Mediterranean,32.93,Weekend,3.0,21,16,401,69
1478160,52832,Donburi-ya,Japanese,15.86,Weekday,5.0,28,28,86,43
1478228,86233,TAO,Japanese,15.28,Weekend,4.0,33,22,246,125
1478002,348096,The Meatball Shop,Italian,12.13,Weekend,5.0,34,16,735,132
1478112,232542,The Meatball Shop,Italian,22.36,Weekend,4.0,35,21,585,132
1477400,68775,Sushi of Gari Tribeca,Japanese,29.15,Weekend,4.0,22,17,180,124
1478274,374826,Waverly Diner,American,22.8,Weekend,4.0,25,21,803,143
1477804,381020,The Meatball Shop,Italian,19.45,Weekend,5.0,21,19,817,132
1477572,150865,Vanessa's Dumpling House,Chinese,15.52,Weekend,5.0,20,23,498,140
1476904,60845,Blue Ribbon Sushi,Japanese,25.27,Weekend,3.0,20,20,127,17
1477336,94480,The Meatball Shop,Italian,32.93,Weekend,5.0,34,29,289,132
1477812,93505,Rubirosa,Italian,24.2,Weekend,5.0,31,15,285,106
1477873,370053,Shake Shack,American,12.08,Weekend,3.0,29,24,792,117
1477997,186473,Blue Ribbon Sushi Izakaya,Japanese,12.23,Weekend,3.0,34,25,540,19
1477523,53503,RedFarm Broadway,Chinese,12.23,Weekend,4.0,21,21,88,104
1476572,356195,Blue Ribbon Fried Chicken,American,29.15,Weekday,5.0,20,29,759,16
1478236,121905,Chipotle Mexican Grill $1.99 Delivery,Mexican,22.26,Weekend,4.0,21,21,385,31
1478048,101202,Burger Joint,American,12.18,Weekend,4.0,35,15,316,23
1476746,201471,ilili Restaurant,Middle Eastern,12.66,Weekend,5.0,21,15,554,154
1476911,74707,Bareburger,American,8.63,Weekend,4.0,21,22,199,11
1478281,58898,Blue Ribbon Sushi,Japanese,16.93,Weekend,4.0,30,25,111,17
1478009,379538,Parm,Italian,6.79,Weekend,3.0,21,30,816,94
1478335,84502,Nobu Next Door,Japanese,25.17,Weekend,4.0,31,29,241,88
1477934,60052,RedFarm Broadway,Chinese,12.61,Weekend,5.0,28,21,123,104
1476645,140477,Serafina Fabulous Pizza,Italian,13.68,Weekend,5.0,20,20,456,116
1477450,79215,Blue Ribbon Sushi,Japanese,11.93,Weekend,3.0,24,21,220,17
1478135,276431,The Meatball Shop,Italian,14.02,Weekday,5.0,20,27,625,132
1477254,58898,Blue Ribbon Sushi,Japanese,8.1,Weekend,5.0,35,18,111,17
1477705,60397,Jack's Wife Freda,Mediterranean,12.18,Weekend,3.0,33,23,125,69
1477814,62359,Pylos,Mediterranean,35.41,Weekday,4.0,21,29,137,102
1478192,54365,Shake Shack,American,16.25,Weekend,5.0,27,23,95,117
1477203,60138,The Meatball Shop,American,15.86,Weekday,5.0,29,26,124,132
1477292,386766,Parm,Italian,17.03,Weekday,3.0,21,27,831,94
1477178,47440,Bareburger,American,24.2,Weekend,4.0,23,23,65,11
1478283,167986,J. G. Melon,American,8.25,Weekday,3.0,34,33,519,68
1477879,362961,ilili Restaurant,Middle Eastern,16.49,Weekend,4.0,30,28,773,154
1476741,318095,Blue Ribbon Sushi Izakaya,Japanese,6.79,Weekend,5.0,32,30,688,19
1476669,142677,Chola Eclectic Indian Cuisine,Indian,8.73,Weekend,5.0,30,28,473,33
1477049,175101,TAO,Japanese,9.65,Weekend,4.0,25,18,522,125
1477602,320493,Vanessa's Dumplings,Chinese,16.78,Weekend,5.0,27,29,697,141
1477088,129486,Mamoun's Falafel,Mediterranean,12.61,Weekend,4.0,21,17,418,81
1476964,81405,RedFarm Broadway,Chinese,24.25,Weekend,5.0,29,22,231,104
1477981,154464,Westville Hudson,American,11.16,Weekend,4.0,24,20,504,144
1477851,66373,Blue Ribbon Sushi Izakaya,Japanese,32.93,Weekend,4.0,21,19,161,19
1477636,94909,Parm,Italian,12.13,Weekend,4.0,29,26,294,94
1477944,70564,Rubirosa,Italian,14.12,Weekday,3.0,26,27,187,106
1478073,121686,TAO,Japanese,24.25,Weekend,4.0,22,21,383,125
1476815,39029,Prosperity Dumpling,Chinese,13.63,Weekend,5.0,25,24,16,101
1477019,62359,RedFarm Hudson,Chinese,15.52,Weekend,5.0,30,18,137,105
1478409,151333,Melt Shop,American,25.27,Weekend,5.0,27,30,500,82
1477471,103147,Hot Kitchen,Chinese,29.54,Weekend,5.0,34,28,326,63
1478331,42424,Han Dynasty,Chinese,12.13,Weekend,5.0,33,27,42,57
1478319,84087,The Meatball Shop,Italian,16.49,Weekend,3.0,22,28,240,132
1477090,54081,Osteria Morini,Italian,9.22,Weekday,4.0,29,33,93,91
1477719,367051,RedFarm Hudson,Chinese,15.04,Weekend,3.0,35,25,784,105
1477816,187187,Momoya,Japanese,11.59,Weekend,3.0,24,29,542,85
1477777,73175,Hill Country Fried Chicken,Southern,31.43,Weekday,5.0,25,28,195,62
1477349,52327,Nobu Next Door,Japanese,4.47,Weekend,5.0,28,26,83,88
1478421,59673,Dig Inn Seasonal Market,American,15.71,Weekday,5.0,27,26,117,39
1476775,66636,Shake Shack,American,29.1,Weekday,5.0,29,31,164,117
1478087,96921,Bareburger,American,8.39,Weekend,3.0,27,30,301,11
1476710,65009,Blue Ribbon Sushi Izakaya,Japanese,8.93,Weekend,5.0,28,18,154,19
1478395,283052,Han Dynasty,Chinese,13.0,Weekend,4.0,32,22,629,57
1477485,165695,Jack's Wife Freda,Mediterranean,6.69,Weekend,5.0,21,16,517,69
1477309,64151,Rubirosa,Italian,22.8,Weekday,5.0,32,27,147,106
1477678,102085,Otto Enoteca Pizzeria,Italian,9.61,Weekend,5.0,26,30,319,92
1477428,77857,Shake Shack,American,8.0,Weekend,4.0,24,30,214,117
1477315,176622,Cafe Mogador,Middle Eastern,15.91,Weekend,5.0,32,15,526,26
1478058,200631,Amy Ruth's,Southern,7.38,Weekday,4.0,24,29,553,5
1476678,91817,Shake Shack,American,21.39,Weekend,4.0,28,18,273,117
1478363,138024,Cho Dang Gol,Korean,29.25,Weekend,4.0,23,21,449,32
1477288,47879,El Parador Cafe,Mexican,13.19,Weekday,5.0,22,28,67,47
1478350,132753,Vanessa's Dumplings,Chinese,15.57,Weekend,5.0,33,28,431,141
1476977,41246,Shake Shack,American,25.17,Weekend,5.0,27,26,29,117
1477544,113972,RedFarm Hudson,Chinese,19.35,Weekend,4.0,31,15,365,105
1477487,209552,TAO,Japanese,12.61,Weekend,5.0,32,24,563,125
1477187,353331,Chipotle Mexican Grill $1.99 Delivery,Mexican,12.13,Weekend,5.0,34,19,747,31
1478387,70564,Jack's Wife Freda,Mediterranean,12.08,Weekend,5.0,30,19,187,69
1476909,366975,Blue Ribbon Sushi Bar & Grill,Japanese,4.85,Weekend,5.0,20,21,783,18
1478204,64153,Blue Ribbon Fried Chicken,American,14.07,Weekday,4.0,34,24,148,16
1476613,65561,Chipotle Mexican Grill $1.99 Delivery,Mexican,29.1,Weekend,5.0,24,28,156,31
1476739,290266,Socarrat Paella Bar,Spanish,25.22,Weekend,5.0,23,20,642,118
1476617,53513,The Meatball Shop,Italian,31.33,Weekend,3.0,30,15,89,132
1477563,385426,Shake Shack,American,17.03,Weekday,5.0,35,32,829,117
1478217,62161,Tamarind TriBeCa,Indian,6.07,Weekend,4.0,30,17,136,126
1478341,254913,Shake Shack,American,10.82,Weekend,4.0,34,20,607,117
1476982,47440,Bareburger,American,8.73,Weekend,5.0,21,19,65,11
1477325,54110,Parm,Italian,19.35,Weekday,4.0,23,26,94,94
1477524,236739,Xi'an Famous Foods,Chinese,19.45,Weekend,5.0,28,18,590,148
1477430,182252,Five Leaves,American,6.26,Weekday,5.0,31,26,534,50
1476763,142170,RedFarm Broadway,Chinese,13.1,Weekend,4.0,26,22,466,104
1477693,67345,Bareburger,American,13.05,Weekend,4.0,31,30,167,11
1477676,78939,Blue Ribbon Sushi,Japanese,8.54,Weekend,5.0,34,25,219,17
1477922,304587,Westville Hudson,American,33.03,Weekend,5.0,25,18,671,144
1478151,62941,Cipriani Le Specialita,Italian,5.92,Weekend,5.0,35,30,141,35
1477219,389155,The Meatball Shop,Italian,32.98,Weekday,3.0,23,25,835,132
1478018,304112,Shake Shack,American,16.25,Weekday,5.0,27,31,668,117
1477998,90113,Blue Ribbon Sushi,Japanese,29.1,Weekend,5.0,20,16,266,17
1478282,221394,Cafe Habana,Mexican,8.25,Weekend,4.0,21,29,573,25
1477826,381020,RedFarm Broadway,Chinese,8.2,Weekend,4.0,31,30,817,104
1477890,284835,Shake Shack,American,22.36,Weekday,3.0,20,32,635,117
1478430,133701,The Loop,Japanese,24.3,Weekend,5.0,21,29,438,130
1477160,61181,The Meatball Shop,Italian,8.63,Weekday,4.0,28,27,130,132
1478351,78939,Blue Ribbon Sushi,Japanese,12.08,Weekend,5.0,31,16,219,17
1478202,345429,Burger Joint,American,21.88,Weekend,5.0,26,24,731,23
1476933,375704,Shake Shack,American,32.98,Weekend,3.0,22,21,805,117
1478071,70315,Five Guys Burgers and Fries,American,14.12,Weekend,4.0,28,25,186,49
1477568,296554,Blue Ribbon Fried Chicken,American,9.75,Weekday,5.0,23,32,650,16
1477504,71613,Empanada Mama (closed),Mexican,15.57,Weekend,4.0,24,20,189,48
1477597,49010,Shake Shack,American,24.25,Weekend,5.0,34,24,71,117
1478001,64153,Blue Ribbon Fried Chicken,American,31.38,Weekend,3.0,35,20,148,16
1477127,314480,Shake Shack,American,15.76,Weekday,5.0,30,24,682,117
1477846,52574,Blue Ribbon Sushi,Japanese,24.25,Weekday,5.0,30,26,85,17
1477838,52256,Han Dynasty,Chinese,12.08,Weekend,5.0,22,23,82,57
1477365,61181,Shake Shack,American,14.07,Weekend,5.0,33,25,130,117
1477266,85422,Saravanaa Bhavan,Indian,24.25,Weekday,5.0,29,26,244,114
1477800,344268,Sushi Choshi,Japanese,13.73,Weekend,3.0,35,27,728,120
1478428,53543,The Smile,American,12.18,Weekday,5.0,29,27,90,134
1478403,294478,RedFarm Broadway,Chinese,32.98,Weekend,4.0,25,15,648,104
1477970,198802,Cafe Habana,Mexican,6.69,Weekday,5.0,26,31,551,25
1477020,91108,Rubirosa,Italian,7.33,Weekend,5.0,26,22,269,106
1477973,245264,RedFarm Hudson,Chinese,9.12,Weekday,5.0,29,26,601,105
1477701,328551,Kanoyama,Japanese,32.98,Weekend,5.0,35,16,707,73
1477318,42408,UVA Wine Bar & Restaurant,Italian,14.65,Weekday,5.0,32,25,41,138
1478376,67133,RedFarm Broadway,Chinese,9.65,Weekend,5.0,30,20,165,104
1477367,343554,Blue Ribbon Fried Chicken,American,12.95,Weekend,5.0,27,28,726,16
1477754,133222,P.J. Clarke's,American,21.34,Weekday,5.0,25,28,433,93
1478280,91722,Shake Shack,American,19.4,Weekend,5.0,32,15,272,117
1478382,144997,Nobu Next Door,Japanese,15.91,Weekend,4.0,26,15,481,88
1478115,93308,Shake Shack,American,5.77,Weekend,4.0,28,18,283,117
1476782,367449,The Meatball Shop,Italian,12.23,Weekend,5.0,24,17,785,132
1478178,125834,The Meatball Shop,Italian,12.23,Weekend,5.0,25,19,399,132
1477189,54630,V-Nam Cafe,Vietnamese,22.26,Weekend,5.0,33,26,97,139
1476894,384698,Don's Bogam BBQ & Wine Bar,Korean,14.07,Weekend,3.0,33,16,823,42
1476807,79215,Blue Ribbon Sushi,Japanese,16.49,Weekend,3.0,24,30,220,17
1477937,98735,The Meatball Shop,Italian,9.65,Weekday,5.0,34,28,310,132
1478103,130956,Blue Ribbon Sushi,Japanese,12.95,Weekend,5.0,25,16,427,17
1476824,259341,Momoya,Japanese,19.4,Weekend,4.0,27,16,609,85
1477635,124393,Amma,Indian,31.43,Weekday,5.0,20,27,392,4
1476797,357592,Blue Ribbon Sushi,Japanese,16.15,Weekend,3.0,23,21,760,17
1476962,342777,Blue Ribbon Sushi,Japanese,12.9,Weekday,3.0,25,31,725,17
1477959,175290,Otto Enoteca Pizzeria,Italian,29.05,Weekend,5.0,24,18,523,92
1477426,135769,Blue Ribbon Sushi,Japanese,19.35,Weekend,5.0,26,23,443,17
1478049,259341,TAO,Japanese,12.71,Weekend,3.0,22,17,609,125
1477811,373152,Blue Ribbon Sushi,Japanese,24.3,Weekend,5.0,32,28,799,17
1478068,222073,The Smile,American,12.08,Weekend,5.0,27,25,574,134
1477002,133202,ilili Restaurant,Middle Eastern,29.25,Weekend,3.0,27,21,432,154
1477139,139755,Tortaria,Mexican,13.05,Weekend,5.0,23,19,453,136
1478150,97806,Shake Shack,American,25.22,Weekend,4.0,35,27,307,117
1477073,87752,Shake Shack,American,29.05,Weekend,5.0,21,22,257,117
1477823,50260,Bareburger,American,5.63,Weekend,4.0,32,30,80,11
1476684,35631,Shake Shack,American,19.4,Weekend,5.0,32,24,9,117
1477892,196320,Parm,Italian,25.17,Weekday,4.0,33,32,547,94
1477481,47440,Bareburger,American,25.22,Weekday,3.0,31,27,65,11
1477538,184085,Hill Country Fried Chicken,Southern,14.84,Weekend,4.0,21,21,536,62
1477557,140501,The Meatball Shop,Italian,22.36,Weekend,5.0,32,21,457,132
1477684,39275,TAO,Japanese,15.28,Weekend,5.0,20,27,17,125
1476620,54110,Tamarind TriBeCa,Indian,12.23,Weekend,4.0,21,21,94,126
1477244,47386,Bubby's ,American,12.18,Weekday,4.0,28,31,64,21
1477231,63147,Shake Shack,American,12.61,Weekend,4.0,29,19,144,117
1477576,105087,Rubirosa,Italian,14.12,Weekday,4.0,26,32,336,106
1478203,41907,Hatsuhana,Japanese,14.07,Weekend,5.0,27,24,36,59
1476890,83469,Han Dynasty,Chinese,12.18,Weekday,3.0,33,29,238,57
1477059,67487,Blue Ribbon Sushi,Japanese,17.07,Weekend,4.0,27,15,168,17
1477038,96877,The Meatball Shop,Italian,12.18,Weekend,5.0,25,28,300,132
1478220,399729,Blue Ribbon Sushi,Japanese,8.83,Weekend,4.0,20,19,853,17
1478214,103049,TAO,Japanese,25.22,Weekend,5.0,28,17,325,125
1476636,232214,Terakawa Ramen,Japanese,14.65,Weekend,4.0,30,16,583,128
1477841,18902,Rubirosa,Italian,21.88,Weekend,4.0,28,27,4,106
1477900,276192,Sushi of Gari Tribeca,Japanese,8.63,Weekend,5.0,33,28,624,124
1476876,325285,RedFarm Broadway,Chinese,5.48,Weekend,3.0,27,18,702,104
1476845,55334,Blue Ribbon Sushi,Japanese,12.13,Weekend,5.0,31,29,100,17
1477801,268365,Zero Otto Nove,Italian,12.18,Weekday,4.0,29,25,617,151
1477594,47440,Bareburger,American,12.18,Weekday,3.0,25,24,65,11
1478318,263426,TAO,Japanese,22.12,Weekday,5.0,32,30,615,125
1477202,259341,Joe's Shanghai _Àü£¾÷´,Chinese,16.1,Weekend,5.0,31,22,609,70
1478180,270525,The Smile,American,22.26,Weekend,5.0,25,26,620,134
1477992,65589,Blue Ribbon Sushi Izakaya,Japanese,19.45,Weekday,5.0,33,32,157,19
1477164,74424,Shake Shack,American,15.77,Weekend,3.0,29,20,198,117
1478386,240093,The Meatball Shop,Italian,14.7,Weekday,5.0,30,24,594,132
1476756,263426,Shake Shack,American,14.07,Weekend,3.0,21,27,615,117
1477989,102801,ilili Restaurant,Middle Eastern,13.73,Weekday,5.0,22,33,323,154
1477972,97806,Shake Shack,American,12.61,Weekend,4.0,26,25,307,117
1477452,107240,Shake Shack,American,8.34,Weekend,5.0,21,30,350,117
1477578,385150,Blue Ribbon Sushi,Japanese,12.18,Weekend,4.0,27,16,826,17
1478208,371590,The Meatball Shop,Italian,29.15,Weekend,5.0,29,27,796,132
1477215,27609,Blue Ribbon Sushi Bar & Grill,Japanese,24.25,Weekend,5.0,25,26,6,18
1476675,235818,Shake Shack,American,15.96,Weekday,4.0,28,27,589,117
1476854,47440,Blue Ribbon Fried Chicken,American,6.45,Weekend,4.0,30,24,65,16
1478275,334758,Five Guys Burgers and Fries,American,24.3,Weekend,5.0,28,18,715,49
1477604,128711,RedFarm Hudson,Chinese,12.56,Weekend,3.0,20,22,415,105
1477039,338923,Hill Country Fried Chicken,Southern,22.31,Weekday,3.0,21,25,720,62
1478008,374826,Dos Caminos,Mexican,6.74,Weekend,5.0,32,26,803,44
1477085,103852,J. G. Melon,American,6.74,Weekend,5.0,20,29,328,68
1478042,201542,TAO,Japanese,29.05,Weekend,4.0,35,24,555,125
1477825,389740,L'Express,French,11.98,Weekday,5.0,21,28,836,76
1476735,369272,Blue Ribbon Sushi Bar & Grill,Japanese,11.69,Weekday,5.0,21,28,789,18
1476686,45396,Blue Ribbon Sushi,Japanese,16.44,Weekend,5.0,30,29,56,17
1478435,350180,RedFarm Hudson,Chinese,20.32,Weekday,5.0,30,29,741,105
1476802,318451,Blue Ribbon Sushi,Japanese,14.02,Weekend,4.0,23,18,689,17
1478416,378027,RedFarm Broadway,Chinese,9.07,Weekend,4.0,35,17,811,104
1477018,53947,Shake Shack,American,15.52,Weekend,5.0,33,17,92,117
1476971,250494,Parm,Italian,28.57,Weekday,5.0,22,32,603,94
1477470,350659,Shake Shack,American,24.25,Weekend,4.0,27,30,743,117
1477755,107909,Cafeteria,American,12.08,Weekend,3.0,35,28,351,28
1478084,110461,Blue Ribbon Sushi,Japanese,22.07,Weekend,4.0,33,15,357,17
1478431,245862,S'MAC,American,16.49,Weekend,5.0,27,19,602,108
1477559,127149,P.J. Clarke's,American,25.27,Weekday,5.0,34,29,407,93
1477666,368295,Blue Ribbon Fried Chicken,American,11.64,Weekend,5.0,24,16,787,16
1477746,288777,Don's Bogam BBQ & Wine Bar,Korean,12.61,Weekend,4.0,25,26,640,42
1478358,371806,The Meatball Shop,Italian,13.0,Weekend,5.0,34,26,797,132
1478438,114085,Blue Ribbon Sushi Bar & Grill,Japanese,9.12,Weekend,3.0,27,27,366,18
1476616,348096,Parm,Italian,31.43,Weekday,5.0,28,25,735,94
1476968,99621,Jack's Wife Freda,Mediterranean,29.05,Weekend,5.0,35,28,312,69
1478045,97420,Yama 49,Japanese,31.33,Weekend,5.0,21,27,306,149
1477660,304365,Sarabeth's Restaurant,American,24.25,Weekend,5.0,23,24,670,112
1476584,363561,Shake Shack,American,12.37,Weekend,3.0,28,28,775,117
1477033,59105,Sushi of Gari 46,Japanese,29.05,Weekend,3.0,35,26,113,123
1476588,128711,RedFarm Hudson,Chinese,9.51,Weekend,3.0,29,26,415,105
1476713,58434,Blue Ribbon Sushi Izakaya,Japanese,15.76,Weekend,4.0,33,23,107,19
1477340,186473,Blue Ribbon Sushi,Japanese,12.13,Weekend,5.0,30,28,540,17
1477514,178172,The Meatball Shop,American,12.18,Weekend,4.0,23,22,530,132
1477046,302132,Dos Caminos Soho,Mexican,12.66,Weekday,5.0,24,30,662,45
1477593,322787,Parm,Italian,12.08,Weekend,5.0,30,25,700,94
1476716,37982,Saravanaa Bhavan,Indian,15.52,Weekday,5.0,33,26,12,114
1477357,5444,Go! Go! Curry!,Japanese,20.18,Weekend,3.0,22,29,1,53
1476576,297130,Blue Ribbon Sushi,Japanese,31.43,Weekend,5.0,24,17,652,17
1477078,115231,Izakaya Ten,Japanese,12.23,Weekday,5.0,23,24,369,67
1477061,390436,Blue Ribbon Sushi,Japanese,13.0,Weekday,5.0,22,31,837,17
1477116,126730,The Kati Roll Company,Indian,24.2,Weekend,5.0,26,16,402,129
1478128,320187,TAO,Japanese,14.75,Weekend,5.0,35,19,696,125
1477118,105837,Nobu Next Door,Japanese,5.77,Weekend,4.0,25,29,342,88
1476646,103147,Hot Kitchen,Chinese,13.0,Weekend,5.0,32,25,326,63
1478286,102580,Blue Ribbon Sushi Izakaya,Japanese,29.05,Weekday,4.0,28,25,320,19
1478443,96943,Cafe Mogador,Middle Eastern,29.88,Weekend,4.0,20,17,302,26
1478195,115519,Blue Ribbon Fried Chicken,American,20.23,Weekday,4.0,20,26,371,16
1477787,14869,Shake Shack,American,4.8,Weekend,4.0,22,24,3,117
1477093,318545,Serafina Fabulous Pizza,Italian,14.84,Weekday,3.0,35,31,690,116
1477140,366954,Blue Ribbon Sushi,Japanese,24.25,Weekend,5.0,35,16,782,17
1477024,68154,Nobu Next Door,Japanese,12.18,Weekend,5.0,32,23,176,88
1478035,178846,Blue Ribbon Fried Chicken,American,10.14,Weekend,4.0,21,17,531,16
1477499,306119,Xi'an Famous Foods,Chinese,14.12,Weekend,4.0,32,19,676,148
1478085,42930,Tony's Di Napoli,Italian,11.3,Weekend,4.0,35,29,46,135
1477713,314908,Blue Ribbon Fried Chicken,American,8.44,Weekend,3.0,31,18,683,16
1477115,87752,Shake Shack,American,24.25,Weekday,5.0,20,27,257,117
1476658,127149,P.J. Clarke's,American,31.43,Weekend,4.0,31,23,407,93
1477867,138426,Tony's Di Napoli,Italian,15.81,Weekend,5.0,35,30,450,135
1478097,252342,Westville Hudson,American,12.18,Weekend,3.0,20,25,605,144
1477382,69025,Han Dynasty,Chinese,6.84,Weekend,5.0,22,22,183,57
1477183,127934,Blue Ribbon Fried Chicken,American,33.03,Weekend,5.0,35,25,409,16
1477681,225912,12 Chairs,Middle Eastern,16.3,Weekday,4.0,27,26,577,1
1477043,142356,Blue Ribbon Sushi,Japanese,6.74,Weekend,4.0,22,28,469,17
1477136,120490,Parm,Italian,21.88,Weekend,4.0,23,30,379,94
1476627,120385,Westville Hudson,American,16.98,Weekend,5.0,34,20,378,144
1476622,399332,Philippe Chow,Chinese,24.2,Weekday,5.0,28,30,850,97
1477246,39705,Bukhara Grill,Indian,16.54,Weekend,5.0,23,17,22,22
1477696,54809,RedFarm Broadway,Chinese,24.3,Weekday,5.0,24,31,98,104
1477171,229946,Chipotle Mexican Grill $1.99 Delivery,Mexican,12.13,Weekend,3.0,34,25,578,31
1476720,91958,Dirty Bird To Go (archived),American,12.13,Weekend,4.0,22,27,276,40
1476767,83287,Blue Ribbon Sushi Izakaya,Japanese,18.24,Weekend,5.0,32,22,237,19
1477839,75548,The MasalaWala,Indian,12.13,Weekend,4.0,32,15,203,131
1477462,304707,Han Dynasty,Chinese,12.08,Weekend,5.0,27,29,672,57
1477120,285774,Blue Ribbon Sushi,Japanese,6.79,Weekday,5.0,21,29,637,17
1476858,385350,Blue Ribbon Sushi,Japanese,12.13,Weekend,5.0,26,17,828,17
1477808,123977,Vezzo Thin Crust Pizza,Italian,13.05,Weekend,5.0,31,27,390,142
1477902,91114,Shake Shack,American,15.77,Weekend,4.0,35,23,270,117
1476833,388420,Sushi of Gari 46,Japanese,9.02,Weekend,5.0,32,17,834,123
1476813,261665,Han Dynasty,Chinese,7.71,Weekend,5.0,22,18,613,57
1477668,160957,Han Dynasty,Chinese,22.31,Weekend,5.0,29,15,511,57
1477306,94691,brgr,American,5.72,Weekday,3.0,24,26,291,152
1478257,41877,Cafe Mogador,Middle Eastern,6.69,Weekend,4.0,23,30,35,26
1477847,106478,Blue Ribbon Sushi,Japanese,24.25,Weekday,4.0,22,29,347,17
1476718,35643,Vanessa's Dumpling House,Chinese,14.84,Weekend,5.0,31,24,10,140
1478429,355090,Shake Shack,American,22.85,Weekend,5.0,24,23,754,117
1476885,133349,Vanessa's Dumplings,Chinese,20.23,Weekend,5.0,33,17,435,141
1478230,97346,RedFarm Hudson,Chinese,14.6,Weekend,3.0,30,28,305,105
1478162,241080,TAO,Japanese,15.52,Weekend,4.0,32,27,596,125
1477645,343554,Blue Ribbon Fried Chicken,American,8.98,Weekend,3.0,26,27,726,16
1477583,370096,Melt Shop,American,19.4,Weekend,4.0,30,25,793,82
1477214,98319,Five Guys Burgers and Fries,American,13.0,Weekday,5.0,30,27,309,49
1477529,377260,The Smile,American,5.82,Weekend,3.0,22,25,808,134
1476874,60901,RedFarm Hudson,Chinese,5.82,Weekend,5.0,22,22,129,105
1477974,41907,Parm,Italian,9.22,Weekend,4.0,31,25,36,94
1478036,186976,Burger Joint,American,8.35,Weekend,4.0,28,17,541,23
1476730,344577,Chipotle Mexican Grill $1.99 Delivery,Mexican,29.05,Weekend,4.0,22,21,729,31
1476786,103852,Blue Ribbon Sushi,Japanese,6.74,Weekend,5.0,22,29,328,17
1478242,372276,Pinto Nouveau Thai Bistro,Thai,24.2,Weekend,5.0,29,15,798,99
1477773,72726,Shake Shack,American,12.18,Weekend,5.0,32,24,193,117
1477063,317446,The Meatball Shop,Italian,19.4,Weekend,5.0,28,30,686,132
1477419,186454,Shake Shack,American,14.07,Weekend,5.0,34,17,539,117
1476864,381020,RedFarm Broadway,Chinese,31.86,Weekend,4.0,25,19,817,104
1476791,390484,RedFarm Broadway,Chinese,12.56,Weekday,4.0,35,33,838,104
1477054,351799,Sushi of Gari Tribeca,Japanese,14.07,Weekend,5.0,34,29,745,124
1478184,232359,The Meatball Shop,American,5.82,Weekend,5.0,30,30,584,132
1476851,361220,Carmine's,Italian,19.98,Weekday,5.0,34,30,764,30
1477241,42828,Jack's Wife Freda,Mediterranean,14.12,Weekday,5.0,25,25,45,69
1477282,241719,Sushi of Gari Tribeca,Japanese,12.42,Weekend,4.0,23,20,598,124
1476852,369809,Five Guys Burgers and Fries,American,19.45,Weekday,3.0,28,28,790,49
1476958,41638,Blue Ribbon Fried Chicken,American,12.18,Weekend,4.0,26,29,33,16
1476905,360844,Blue Ribbon Sushi Bar & Grill,Japanese,5.72,Weekday,5.0,32,26,763,18
1476666,205241,Shake Shack,American,6.07,Weekday,4.0,23,27,557,117
1476552,334758,Melt Shop,American,12.56,Weekend,4.0,25,23,715,82
1477137,157578,P.J. Clarke's,American,14.07,Weekday,5.0,33,26,508,93
1477440,127934,Blue Ribbon Fried Chicken,American,12.52,Weekday,4.0,24,31,409,16
1478215,92726,Sarabeth's East,American,25.27,Weekend,4.0,23,19,277,111
1478301,184325,Asuka Sushi,Japanese,22.75,Weekday,5.0,25,32,537,7
1477294,39334,The Meatball Shop,American,12.18,Weekend,5.0,22,26,18,132
1478270,303548,Shake Shack,American,14.02,Weekend,4.0,20,21,666,117
1477299,60039,ilili Restaurant,Middle Eastern,31.33,Weekday,4.0,29,27,122,154
1477221,125510,Blue Ribbon Sushi Izakaya,Japanese,33.03,Weekend,3.0,34,23,397,19
1477453,83287,Shake Shack,American,9.41,Weekend,5.0,22,20,237,117
1477946,81152,Hill Country Fried Chicken,Southern,14.12,Weekend,5.0,25,15,229,62
1477395,56219,Parm,Italian,14.55,Weekday,5.0,30,32,101,94
1478404,97991,Blue Ribbon Sushi Bar & Grill,Japanese,33.03,Weekend,5.0,28,15,308,18
1476567,122609,Blue Ribbon Sushi,Japanese,13.0,Weekend,5.0,34,15,387,17
1476903,53874,Sarabeth's,American,25.17,Weekend,3.0,28,23,91,110
1478374,64151,Rubirosa,Italian,5.97,Weekend,3.0,30,25,147,106
1476764,44049,Sushi Samba,Japanese,13.0,Weekend,4.0,33,21,51,121
1476629,317993,Melt Shop,American,12.66,Weekend,3.0,27,26,687,82
1477229,72339,Hatsuhana,Japanese,17.03,Weekday,4.0,35,33,191,59
1477332,43018,RedFarm Hudson,Chinese,24.2,Weekend,5.0,27,19,48,105
1478410,84087,The Meatball Shop,Italian,25.22,Weekend,5.0,32,25,240,132
1477169,46696,Blue Ribbon Sushi Bar & Grill,Japanese,12.08,Weekday,5.0,29,24,60,18
1476761,64153,Blue Ribbon Fried Chicken,American,24.25,Weekday,5.0,33,30,148,16
1477584,275689,Cafe Habana,Mexican,16.98,Weekday,4.0,23,30,623,25
1477142,87151,Rubirosa,Italian,24.2,Weekend,4.0,23,26,252,106
1477176,260680,Tamarind TriBeCa,Indian,12.95,Weekday,3.0,27,24,610,126
1478383,121905,Shake Shack,American,15.86,Weekend,3.0,34,20,385,117
1476917,58675,Big Daddy's,American,14.84,Weekend,5.0,32,22,108,14
1477734,81658,The Meatball Shop,Italian,29.25,Weekday,5.0,35,29,232,132
1477151,97991,Blue Ribbon Sushi Bar & Grill,Japanese,22.36,Weekend,4.0,25,18,308,18
1478333,93437,Sushi of Gari 46,Japanese,22.26,Weekend,5.0,27,26,284,123
1477013,52832,Donburi-ya,Japanese,8.01,Weekday,5.0,30,30,86,43
1478131,395616,Parm,Italian,12.13,Weekend,3.0,23,15,843,94
1477279,35432,TAO,Japanese,16.15,Weekend,3.0,24,22,8,125
1478309,127130,Momoya,Japanese,16.05,Weekday,4.0,34,33,406,85
1477368,132137,Parm,Italian,24.25,Weekend,4.0,34,21,430,94
1477409,146588,Shake Shack,American,9.07,Weekday,3.0,35,26,488,117
1477506,283831,Blue Ribbon Sushi Bar & Grill,Japanese,13.05,Weekday,5.0,22,28,631,18
1476888,342107,Shake Shack,American,12.13,Weekday,5.0,25,30,722,117
1477579,349854,Shake Shack,American,24.35,Weekday,5.0,34,26,739,117
1477977,43856,Han Dynasty,Chinese,16.01,Weekend,5.0,30,16,50,57
1478336,138426,Tony's Di Napoli,Italian,5.82,Weekend,5.0,26,26,450,135
1477649,106478,Cafe Mogador,Middle Eastern,16.15,Weekend,5.0,29,27,347,26
1477108,47280,Blue Ribbon Sushi,Japanese,29.68,Weekend,3.0,26,30,63,17
1477947,78560,The Meatball Shop,Italian,12.18,Weekend,3.0,27,20,216,132
1477488,344586,Sushi of Gari 46,Japanese,12.56,Weekend,4.0,20,22,730,123
1478392,77511,Parm,Italian,21.93,Weekend,4.0,22,25,210,94
1476940,197633,Sushi of Gari 46,Japanese,5.77,Weekday,4.0,32,24,549,123
1477671,393765,Nobu Next Door,Japanese,6.02,Weekend,5.0,33,24,842,88
1478177,80683,Blue Ribbon Sushi,Japanese,11.59,Weekend,4.0,22,18,225,17
1477035,141496,Dickson's Farmstand Meats,American,33.03,Weekend,5.0,35,20,460,38
1477923,75115,RedFarm Hudson,Chinese,33.03,Weekend,3.0,32,19,201,105
1477984,353676,indikitch,Indian,14.07,Weekend,4.0,20,30,749,155
1477234,91817,Melt Shop,American,9.6,Weekend,5.0,30,16,273,82
1477829,164529,Blue Ribbon Sushi,Japanese,9.32,Weekend,4.0,32,18,513,17
1477191,93797,ilili Restaurant,Middle Eastern,25.22,Weekday,5.0,25,33,286,154
1477950,301032,Blue Ribbon Fried Chicken,American,16.44,Weekend,4.0,24,16,660,16
1476679,241719,Blue Ribbon Sushi Izakaya,Japanese,14.41,Weekend,5.0,22,20,598,19
1478388,285143,Pepe Rosso To Go,Italian,12.13,Weekend,4.0,25,18,636,96
1478078,54608,Tamarind TriBeCa,Indian,22.26,Weekend,5.0,34,15,96,126
1477443,105903,Shake Shack,American,24.3,Weekday,4.0,35,29,343,117
1478432,331143,Waverly Diner,American,14.6,Weekday,3.0,20,32,710,143
1476988,94115,Moonstruck on Second,American,14.94,Weekend,5.0,27,20,287,86
1478145,42461,Melt Shop,American,11.69,Weekday,4.0,21,27,43,82
1476812,83287,Shake Shack,American,9.02,Weekday,4.0,23,27,237,117
1477948,141550,Serafina Fabulous Pizza,Italian,22.8,Weekday,4.0,28,31,461,116
1477739,63096,Rubirosa,Italian,12.51,Weekend,5.0,21,15,143,106
1476801,104130,Ravagh Persian Grill,Middle Eastern,14.07,Weekday,5.0,34,33,329,103
1477530,64754,The Kati Roll Company,Indian,5.34,Weekend,4.0,27,18,151,129
1477398,87357,Five Guys Burgers and Fries,American,6.4,Weekday,5.0,23,32,254,49
1477703,121681,Momoya,Japanese,11.59,Weekend,5.0,20,21,382,85
1476822,284256,Empanada Mama (closed),Mexican,12.13,Weekend,5.0,21,22,633,48
1477869,125854,Shake Shack,American,15.76,Weekend,4.0,34,27,400,117
1478245,52832,Junoon,Indian,29.49,Weekend,5.0,23,17,86,71
1477250,41409,Nobu Next Door,Japanese,19.35,Weekend,4.0,28,30,32,88
1477840,35309,Blue Ribbon Sushi,Japanese,19.4,Weekend,5.0,24,25,7,17
1476670,355970,The Meatball Shop,Italian,7.61,Weekend,3.0,20,26,758,132
1478233,264707,TAO,Japanese,12.08,Weekday,3.0,24,26,616,125
1477622,84087,The Meatball Shop,Italian,12.71,Weekday,5.0,29,33,240,132
1477698,60835,Parm,Italian,29.35,Weekend,5.0,29,17,126,94
1478080,312853,Five Guys Burgers and Fries,American,25.27,Weekend,5.0,27,29,680,49
1477533,236739,Xi'an Famous Foods,Chinese,8.54,Weekend,5.0,29,30,590,148
1478019,106006,Blue Ribbon Sushi Izakaya,Japanese,16.1,Weekend,3.0,20,28,345,19
1477505,399832,The Kati Roll Company,Indian,14.07,Weekend,5.0,23,20,854,129
1477204,376578,Shake Shack,American,15.57,Weekday,4.0,34,25,807,117
1477988,82041,Parm,Italian,16.44,Weekend,4.0,23,22,234,94
1478345,365871,Cafe de La Esquina,Mexican,16.06,Weekend,5.0,27,21,780,27
1478413,318689,Olive Garden,Italian,6.74,Weekend,5.0,23,19,692,90
1477985,325272,Cho Dang Gol,Korean,12.13,Weekend,4.0,29,16,701,32
1477198,86449,The Meatball Shop,Italian,8.54,Weekend,3.0,31,15,248,132
1477961,167738,Jack's Wife Freda,Mediterranean,31.43,Weekend,5.0,34,20,518,69
1477866,44706,Blue Ribbon Sushi,Japanese,9.41,Weekend,5.0,24,18,55,17
1478041,96456,67 Burger,American,29.05,Weekday,5.0,20,28,298,3
1477860,209179,RedFarm Broadway,Chinese,5.87,Weekend,4.0,27,22,561,104
1478232,77371,Blue Ribbon Sushi Bar & Grill,Japanese,12.18,Weekend,4.0,24,15,209,18
1477455,38336,Rubirosa,Italian,16.2,Weekend,4.0,21,27,14,106
1477709,110461,Blue Ribbon Sushi,Japanese,5.97,Weekend,3.0,31,30,357,17
1477263,291667,Shake Shack,American,12.23,Weekday,5.0,35,25,644,117
1477242,63890,Blue Ribbon Sushi,Japanese,14.12,Weekday,5.0,35,33,146,17
1476788,310706,Parm,Italian,6.74,Weekday,5.0,25,30,679,94
1477783,73895,RedFarm Broadway,Chinese,19.4,Weekend,5.0,24,25,196,104
1476798,110858,Burger Joint,American,14.16,Weekend,4.0,28,28,359,23
1477789,185355,Sushi Samba,Japanese,22.85,Weekday,5.0,21,32,538,121
1477736,361701,Westville Hudson,American,32.93,Weekend,5.0,30,20,768,144
1476787,78887,TAO,Japanese,6.69,Weekday,4.0,26,25,218,125
1476951,331143,Waverly Diner,American,16.3,Weekday,3.0,28,25,710,143
1477429,252965,Five Guys Burgers and Fries,American,9.27,Weekend,4.0,23,25,606,49
1476986,298794,TAO,Japanese,15.86,Weekend,4.0,22,17,655,125
1477667,106478,Balthazar Boulangerie,French,12.13,Weekend,5.0,25,24,347,9
1476583,62929,Bareburger,American,17.03,Weekend,5.0,35,21,140,11
1478030,131093,Bareburger,American,13.77,Weekend,3.0,33,29,428,11
1478373,40808,V-Nam Cafe,Vietnamese,6.01,Weekday,3.0,20,31,26,139
1476591,128224,Blue Ribbon Sushi,Japanese,16.1,Weekend,3.0,26,17,411,17
1478216,142619,Shake Shack,American,6.07,Weekend,4.0,28,19,472,117
1478066,156218,RedFarm Hudson,Chinese,15.23,Weekend,5.0,31,16,507,105
1476861,94700,Tamarind TriBeCa,Indian,29.15,Weekend,3.0,35,22,292,126
1476899,335155,Shake Shack,American,29.05,Weekend,4.0,33,16,716,117
1478248,113926,Han Dynasty,Chinese,33.03,Weekday,5.0,35,32,364,57
1477827,65009,Blue Ribbon Sushi Izakaya,Japanese,8.83,Weekday,5.0,34,27,154,19
1478181,97079,Benihana,Japanese,25.22,Weekday,4.0,27,27,303,12
1477489,14869,Tres Carnes,Mexican,9.17,Weekend,4.0,25,30,3,137
1477650,284835,Shake Shack,American,15.57,Weekend,5.0,32,17,635,117
1478069,130521,Lucky's Famous Burgers,American,12.13,Weekday,5.0,21,30,425,80
1477175,47235,Blue Ribbon Fried Chicken,American,14.6,Weekend,3.0,27,27,62,16
1477996,82041,Shake Shack,American,8.1,Weekend,5.0,26,27,234,117
1477527,120353,Parm,Italian,5.72,Weekend,4.0,26,27,377,94
1476837,147468,Nha Trang One,Vietnamese,15.67,Weekday,3.0,23,24,489,87
1477686,105837,Nobu Next Door,Japanese,12.18,Weekend,4.0,29,20,342,88
1477564,378820,Sushi Samba,Japanese,12.61,Weekend,5.0,29,29,815,121
1478010,49987,Parm,Italian,6.69,Weekend,5.0,24,28,77,94
1477113,6987,Hill Country Fried Chicken,Southern,12.23,Weekday,4.0,20,29,2,62
1476549,75169,Tamarind TriBeCa,Indian,6.74,Weekend,5.0,25,26,202,126
1477911,65306,Sushi of Gari Tribeca,Japanese,12.18,Weekend,5.0,35,19,155,124
1476630,182252,Five Leaves,American,9.17,Weekend,4.0,34,23,534,50
1477546,67162,Shake Shack,American,14.07,Weekday,4.0,24,28,166,117
1477320,397261,Blue Ribbon Fried Chicken,American,14.84,Weekend,5.0,21,25,845,16
1477084,283051,Shake Shack,American,6.69,Weekday,5.0,26,32,628,117
1478427,86806,Pylos,Mediterranean,14.12,Weekday,4.0,26,24,250,102
1476573,370405,Haveli Indian Restaurant,Indian,29.1,Weekday,3.0,23,24,794,60
1477735,302769,Blue Ribbon Fried Chicken,American,29.05,Weekend,5.0,29,20,663,16
1478033,67748,Rubirosa,Italian,19.4,Weekend,4.0,34,16,171,106
1478186,302923,Shake Shack,American,20.52,Weekend,3.0,31,15,665,117
1477776,115213,Tamarind TriBeCa,Indian,29.39,Weekend,5.0,30,25,368,126
1478312,398952,Han Dynasty,Chinese,13.78,Weekend,5.0,27,20,849,57
1477291,198194,The Kati Roll Company,Indian,19.4,Weekday,5.0,24,30,550,129
1478168,78879,Blue Ribbon Fried Chicken,American,19.4,Weekend,4.0,33,21,217,16
1477269,255697,Sushi Samba,Japanese,6.84,Weekend,5.0,27,20,608,121
1477896,42052,Pepe Rosso To Go,Italian,22.8,Weekend,5.0,35,24,38,96
1477507,146588,Shake Shack,American,19.4,Weekend,5.0,33,27,488,117
1478271,347181,RedFarm Hudson,Chinese,14.12,Weekend,5.0,21,24,733,105
1477853,115213,Junoon,Indian,28.62,Weekday,5.0,21,32,368,71
1476948,86421,Vanessa's Dumpling House,Chinese,9.65,Weekend,5.0,20,22,247,140
1478347,251817,Blue Ribbon Fried Chicken,American,15.71,Weekend,3.0,27,25,604,16
1477457,92806,Shake Shack,American,15.18,Weekday,5.0,30,33,278,117
1477393,79849,Parm,Italian,22.36,Weekend,4.0,21,30,222,94
1477653,142619,Shake Shack,American,12.13,Weekend,5.0,26,26,472,117
1478127,78879,Blue Ribbon Fried Chicken,American,20.18,Weekend,3.0,22,20,217,16
1476556,301380,ilili Restaurant,Middle Eastern,16.3,Weekend,4.0,27,16,661,154
1477280,377274,RedFarm Broadway,Chinese,14.07,Weekend,3.0,34,17,809,104
1477968,350083,Sushi of Gari,Japanese,6.69,Weekend,4.0,22,16,740,122
1476784,105385,Han Dynasty,Chinese,24.2,Weekend,5.0,23,15,339,57
1476672,105385,Han Dynasty,Chinese,8.54,Weekend,4.0,31,15,339,57
1478240,44367,Rubirosa,Italian,24.2,Weekend,4.0,34,16,52,106
1476886,320088,Cafe Mogador,Middle Eastern,13.68,Weekend,4.0,29,18,695,26
1478101,105068,TAO,Japanese,13.97,Weekend,5.0,28,25,335,125
1476712,385150,Blue Ribbon Sushi,Japanese,9.75,Weekday,5.0,27,27,826,17
1477083,308517,Tamarind TriBeCa,Indian,6.74,Weekend,4.0,20,17,677,126
1478164,138024,Cho Dang Gol,Korean,11.84,Weekend,5.0,25,16,449,32
1477390,199049,Five Guys Burgers and Fries,American,16.05,Weekend,4.0,29,18,552,49
1476900,240014,Sarabeth's,American,32.93,Weekday,4.0,33,33,593,110
1477697,362685,Momoya,Japanese,29.1,Weekday,4.0,21,29,771,85
1476655,91817,Blue Ribbon Fried Chicken,American,29.15,Weekend,4.0,31,17,273,16
1478175,349676,Sarabeth's,American,29.3,Weekend,5.0,23,17,738,110
1477982,39421,Go! Go! Curry!,Japanese,14.02,Weekday,4.0,22,27,20,53
1476697,46219,The Meatball Shop,American,32.93,Weekend,3.0,35,16,59,132
1478308,358158,Galli Restaurant,Italian,16.06,Weekend,5.0,22,16,761,52
1478028,44594,Shake Shack,American,24.25,Weekend,5.0,31,28,54,117
1477555,361497,V-Nam Cafe,Vietnamese,12.13,Weekend,4.0,20,26,765,139
1478137,209418,Izakaya Ten,Japanese,13.05,Weekend,3.0,34,23,562,67
1476771,365225,P.J. Clarke's,American,12.18,Weekday,5.0,30,24,776,93
1478362,134152,The Meatball Shop,Italian,29.1,Weekday,5.0,22,33,440,132
1476722,328551,Kanoyama,Japanese,12.81,Weekend,5.0,23,24,707,73
1477350,59095,Blue Ribbon Fried Chicken,American,8.93,Weekday,5.0,34,30,112,16
1478111,366954,Blue Ribbon Sushi,Japanese,12.23,Weekend,4.0,29,22,782,17
1477976,69348,RedFarm Broadway,Chinese,16.1,Weekend,5.0,21,27,184,104
1478194,67937,Shake Shack,American,15.52,Weekend,5.0,22,17,174,117
1477884,348096,Parm,Italian,29.44,Weekend,4.0,33,24,735,94
1477351,150577,Sushi of Gari Tribeca,Japanese,8.63,Weekend,5.0,33,17,496,124
1476907,87006,Nobu Next Door,Japanese,5.67,Weekday,5.0,33,25,251,88
1477817,335897,Sushi of Gari 46,Japanese,12.18,Weekday,4.0,24,27,717,123
1477408,125542,Hampton Chutney Co.,Thai,12.37,Weekend,4.0,21,20,398,56
1477953,39334,The Meatball Shop,American,19.35,Weekend,4.0,31,25,18,132
1477924,288808,The Meatball Shop,Italian,32.98,Weekday,5.0,26,27,641,132
1477802,85091,The Meatball Shop,Italian,12.13,Weekend,4.0,21,25,243,132
1477715,217363,Jack's Wife Freda,Mediterranean,9.41,Weekend,5.0,28,15,570,69
1477669,260844,Byblos Restaurant,Middle Eastern,25.27,Weekend,3.0,33,16,611,24
1476559,47440,Bareburger,American,15.57,Weekday,4.0,24,28,65,11
1478149,303548,Shake Shack,American,25.22,Weekend,3.0,27,25,666,117
1477761,123977,Blue Ribbon Sushi,Japanese,24.35,Weekend,5.0,33,22,390,17
1478311,326505,Blue Ribbon Fried Chicken,American,21.29,Weekend,5.0,28,29,703,16
1477956,177078,Lantern Thai Kitchen,Thai,9.46,Weekend,5.0,29,19,527,77
1476925,354719,The Meatball Shop,Italian,14.02,Weekday,5.0,32,32,751,132
1476832,385191,Donburi-ya,Japanese,12.37,Weekend,5.0,24,17,827,43
1476681,68258,Parm,Italian,12.13,Weekday,4.0,23,31,178,94
1477655,96666,Empanada Mama (closed),Mexican,19.35,Weekend,5.0,29,22,299,48
1477957,285937,TAO,Japanese,8.0,Weekday,4.0,28,24,638,125
1476692,175327,Nobu Next Door,Japanese,29.1,Weekday,3.0,35,27,524,88
1477510,231061,Han Dynasty,Chinese,8.1,Weekend,5.0,23,26,581,57
1477954,130237,Tamarind TriBeCa,Indian,16.98,Weekend,5.0,22,17,423,126
1477182,383826,Song Thai Restaurant & Bar,Thai,29.2,Weekend,5.0,21,28,819,119
1477304,88406,The Meatball Shop,Italian,24.2,Weekday,4.0,28,30,262,132
1478434,40500,J. G. Melon,American,19.45,Weekend,5.0,24,15,24,68
1477411,143721,Hummus Place,Middle Eastern,9.75,Weekend,5.0,28,28,476,64
1477720,215219,Empanada Mama (closed),Mexican,19.98,Weekday,4.0,23,32,568,48
1476638,46696,Blue Ribbon Sushi Bar & Grill,Japanese,11.88,Weekend,5.0,25,17,60,18
1477166,402215,RedFarm Hudson,Chinese,21.29,Weekend,4.0,32,25,857,105
1477338,81110,Hill Country Fried Chicken,Southern,11.64,Weekend,4.0,35,21,228,62
1477565,65009,Blue Ribbon Fried Chicken,American,12.56,Weekday,5.0,27,27,154,16
1478328,58898,Rubirosa,Italian,33.03,Weekend,5.0,22,28,111,106
1477289,72322,Cafe Mogador,Middle Eastern,12.95,Weekend,3.0,21,20,190,26
1478146,207281,Shake Shack,American,12.27,Weekend,5.0,24,28,559,117
1476662,115213,Tamarind TriBeCa,Indian,12.18,Weekend,5.0,25,20,368,126
1476991,81828,The Meatball Shop,Italian,12.08,Weekend,3.0,32,19,233,132
1477433,283331,Dickson's Farmstand Meats,American,12.18,Weekend,5.0,21,20,630,38
1478239,400390,Shake Shack,American,12.95,Weekend,4.0,30,26,855,117
1477370,89889,Sushi of Gari 46,Japanese,29.1,Weekday,5.0,32,30,265,123
1477795,169478,RedFarm Broadway,Chinese,15.96,Weekday,4.0,35,33,520,104
1478439,48444,TAO,Japanese,8.54,Weekend,4.0,26,23,70,125
1476811,47386,Barbounia,Mediterranean,16.93,Weekend,5.0,30,18,64,10
1476990,301032,Mission Cantina,Mexican,15.57,Weekend,5.0,21,28,660,84
1478329,116992,Tres Carnes,Mexican,33.32,Weekday,4.0,21,33,372,137
1478385,250494,Blue Ribbon Fried Chicken,American,21.34,Weekend,5.0,28,21,603,16
1477300,232359,The Meatball Shop,American,31.43,Weekend,4.0,20,21,584,132
1477275,58088,Sushi of Gari 46,Japanese,9.22,Weekend,4.0,32,28,105,123
1477994,127130,Momoya,Japanese,9.55,Weekend,5.0,30,26,406,85
1477123,270525,The Smile,American,8.59,Weekend,4.0,32,29,620,134
1476758,120504,Schnipper's Quality Kitchen,American,14.02,Weekend,5.0,20,16,380,115
1477940,42274,Joe's Shanghai _Àü£¾÷´,Chinese,16.15,Weekend,3.0,33,20,39,70
1476587,355713,TAO,Japanese,9.22,Weekend,5.0,26,25,756,125
1478023,243910,Nobu Next Door,Japanese,14.12,Weekend,3.0,30,19,600,88
1476766,45837,Shake Shack,American,19.35,Weekend,4.0,21,29,57,117
1478339,35643,Vanessa's Dumpling House,Chinese,18.43,Weekend,5.0,34,28,10,140
1478352,142192,Otto Enoteca Pizzeria,Italian,12.18,Weekend,5.0,21,20,467,92
1477079,49086,Jack's Wife Freda,Mediterranean,12.13,Weekend,4.0,33,23,73,69
1477384,127445,Shake Shack,American,6.79,Weekend,4.0,35,30,408,117
1477262,43636,Blue Ribbon Fried Chicken,American,12.08,Weekend,4.0,21,21,49,16
1476602,88078,RedFarm Hudson,Chinese,13.92,Weekend,5.0,28,24,259,105
1478370,57638,Grand Sichuan International,Chinese,25.27,Weekday,5.0,35,30,103,54
1477444,88075,Shake Shack,American,24.3,Weekday,4.0,33,30,258,117
1477172,59749,Bareburger,American,19.35,Weekday,4.0,33,27,121,11
1477418,387102,Vanessa's Dumplings,Chinese,14.02,Weekend,4.0,22,24,832,141
1477962,59703,Big Daddy's,American,12.08,Weekend,5.0,22,16,119,14
1477497,76942,Sarabeth's Restaurant,American,12.27,Weekend,5.0,24,24,206,112
1477155,50563,J. G. Melon,American,6.06,Weekday,4.0,24,27,81,68
1477317,61889,Parm,Italian,15.77,Weekend,4.0,27,18,134,94
1476694,91105,Cafe Mogador,Middle Eastern,29.05,Weekend,4.0,27,30,268,26
1476987,88078,RedFarm Hudson,Chinese,15.96,Weekend,3.0,21,18,259,105
1477344,99621,Jack's Wife Freda,Mediterranean,5.67,Weekday,3.0,24,29,312,69
1477417,355759,Pinto Nouveau Thai Bistro,Thai,11.79,Weekend,5.0,21,27,757,99
1476671,49620,Cafe Habana,Mexican,8.73,Weekday,3.0,27,28,75,25
1477305,45846,The Meatball Shop,American,24.2,Weekend,5.0,21,30,58,132
1477223,303548,J. G. Melon,American,22.26,Weekend,5.0,22,25,666,68
1478394,106940,Blue Ribbon Sushi,Japanese,14.5,Weekday,3.0,34,24,348,17
1477963,115519,Blue Ribbon Fried Chicken,American,12.23,Weekend,5.0,27,27,371,16
1477861,125320,Shake Shack,American,20.57,Weekend,5.0,24,19,396,117
1477201,332635,TAO,Japanese,16.05,Weekend,4.0,23,20,711,125
1478253,67345,Parm,Italian,25.27,Weekend,5.0,28,16,167,94
1477540,341136,Blue Ribbon Sushi,Japanese,13.78,Weekend,4.0,32,23,721,17
1477329,80737,RedFarm Broadway,Chinese,12.9,Weekday,3.0,29,29,226,104
1477218,333216,Shake Shack,American,29.49,Weekend,5.0,20,24,712,117
1476633,137565,Shake Shack,American,15.76,Weekend,5.0,20,25,447,117
1476776,125123,Le Grainne Cafe,French,29.25,Weekend,5.0,27,24,395,78
1477878,62730,Westville Hudson,American,21.88,Weekend,5.0,20,15,139,144
1478122,96262,Cafe Habana,Mexican,9.51,Weekend,5.0,22,21,297,25
1478206,108659,Osteria Morini,Italian,24.2,Weekday,3.0,28,28,352,91
1478326,82901,Il Bambino,Italian,29.25,Weekend,4.0,34,29,235,66
1477691,366327,Parm,Italian,16.44,Weekend,5.0,29,26,781,94
1477845,127056,Blue Ribbon Sushi,Japanese,24.3,Weekday,5.0,21,33,404,17
1476719,77540,Parm,Italian,12.08,Weekend,3.0,25,28,211,94
1476765,147519,Sushi of Gari Tribeca,Japanese,19.45,Weekend,4.0,25,15,490,124
1478317,128216,Shake Shack,American,19.74,Weekday,4.0,35,32,410,117
1477461,241719,Kori Restaurant and Bar,Korean,12.18,Weekday,4.0,26,26,598,75
1477028,60052,RedFarm Broadway,Chinese,14.55,Weekend,5.0,28,20,123,104
1477672,59742,J. G. Melon,American,6.07,Weekday,3.0,29,25,120,68
1477146,49793,Yama Japanese Restaurant,Japanese,32.93,Weekend,5.0,29,17,76,150
1477460,134058,The Meatball Shop,Italian,12.08,Weekday,5.0,33,25,439,132
1477848,276192,12 Chairs,Middle Eastern,29.05,Weekday,5.0,28,32,624,1
1477549,297130,L'Express,French,29.2,Weekend,5.0,21,29,652,76
1477328,342126,Parm,Italian,13.68,Weekend,4.0,33,21,723,94
1478022,94152,Empanada Mama (closed),Mexican,11.88,Weekend,5.0,23,27,288,48
1477284,40745,Parm,Italian,14.12,Weekend,3.0,28,22,25,94
1478284,139885,Blue Ribbon Fried Chicken,American,8.2,Weekend,5.0,34,17,455,16
1477006,119465,Cafe Mogador,Middle Eastern,25.27,Weekday,5.0,30,25,376,26
1477008,373750,Blue Ribbon Brooklyn,American,5.97,Weekday,4.0,32,24,802,15
1477208,365244,Bareburger,American,12.13,Weekend,5.0,32,26,778,11
1476699,56722,The Meatball Shop,Italian,12.23,Weekend,5.0,35,22,102,132
1477313,395616,Parm,Italian,8.59,Weekday,5.0,32,33,843,94
1478051,139639,Sushi of Gari 46,Japanese,24.3,Weekend,3.0,29,23,452,123
1477071,78939,Nobu Next Door,Japanese,29.05,Weekend,5.0,33,29,219,88
1478368,64153,Burger Joint,American,12.13,Weekday,5.0,31,33,148,23
1476859,62667,Sarabeth's Restaurant,American,12.23,Weekend,4.0,26,24,138,112
1478393,80795,Tamarind TriBeCa,Indian,16.44,Weekend,5.0,23,24,227,126
1476707,144133,Shake Shack,American,22.75,Weekday,4.0,21,27,479,117
1477543,59105,Sushi of Gari 46,Japanese,12.13,Weekend,5.0,27,20,113,123
1476680,44472,Blue Ribbon Sushi Izakaya,Japanese,12.08,Weekend,3.0,35,15,53,19
1476816,344079,Olea,Mediterranean,12.23,Weekend,4.0,29,24,727,89
1477589,214028,Boqueria,Spanish,29.05,Weekend,4.0,24,24,567,20
1478043,264707,The Meatball Shop,Italian,29.2,Weekend,5.0,29,23,616,132
1477298,361728,The Meatball Shop,Italian,29.05,Weekend,4.0,32,19,769,132
1476793,77339,Rubirosa,Italian,9.17,Weekend,4.0,27,25,208,106
1477396,140998,Boqueria,Spanish,13.0,Weekend,5.0,26,24,458,20
1477477,78560,The Meatball Shop,Italian,11.69,Weekend,4.0,35,16,216,132
1476963,296805,Blue Ribbon Fried Chicken,American,13.0,Weekday,4.0,33,29,651,16
1477733,376499,Lucky Strike,American,29.25,Weekend,4.0,21,21,806,79
1477627,359699,RedFarm Hudson,Chinese,7.03,Weekday,5.0,32,24,762,105
1477718,42755,Blue Ribbon Sushi,Japanese,16.11,Weekend,5.0,22,26,44,17
1477167,76907,Han Dynasty,Chinese,14.8,Weekday,4.0,23,25,205,57
1478176,240982,Rubirosa,Italian,29.1,Weekend,5.0,28,16,595,106
1477435,154030,Hatsuhana,Japanese,29.49,Weekend,4.0,22,23,503,59
1477465,361220,Carmine's,Italian,21.93,Weekend,5.0,20,28,764,30
1476550,101347,The Loop,Japanese,16.98,Weekend,5.0,26,27,318,130
1477131,270525,The Smile,American,12.13,Weekend,4.0,29,24,620,134
1477687,72757,Jack's Wife Freda,Mediterranean,12.13,Weekend,5.0,21,19,194,69
1476857,220186,Blue Ribbon Fried Chicken,American,12.23,Weekday,5.0,33,26,571,16
1478325,399373,Shake Shack,American,29.1,Weekday,4.0,29,24,851,117
1478025,99312,Pylos,Mediterranean,14.02,Weekday,3.0,30,29,311,102
1478171,316402,The Meatball Shop,American,14.5,Weekend,5.0,25,22,685,132
1477268,375585,TAO,Japanese,6.69,Weekend,5.0,22,28,804,125
1476780,319773,Vezzo Thin Crust Pizza,Italian,12.13,Weekend,5.0,34,26,694,142
1476594,94480,TAO,Japanese,12.17,Weekend,5.0,22,16,289,125
1477830,61212,Tamarind TriBeCa,Indian,15.77,Weekend,5.0,25,29,131,126
1477725,105754,Momoya,Japanese,12.18,Weekend,4.0,26,25,341,85
1476922,66373,Balthazar Boulangerie,French,12.18,Weekend,3.0,24,29,161,9
1476880,216258,Momoya,Japanese,9.41,Weekend,5.0,26,20,569,85
1477793,318451,Blue Ribbon Sushi,Japanese,8.54,Weekday,4.0,22,26,689,17
1478322,57943,RedFarm Broadway,Chinese,24.25,Weekday,5.0,25,25,104,104
1477065,43636,The Meatball Shop,American,7.28,Weekday,5.0,20,29,49,132
1477670,235818,Shake Shack,American,6.01,Weekday,5.0,23,30,589,117
1478083,91817,Lucky's Famous Burgers,American,5.77,Weekend,4.0,21,20,273,80
1477484,143984,Blue Ribbon Fried Chicken,American,6.79,Weekend,3.0,28,27,478,16
1477710,376578,Shake Shack,American,5.92,Weekday,5.0,34,24,807,117
1477307,141732,Cho Dang Gol,Korean,5.77,Weekend,5.0,21,17,463,32
1478062,109107,Burger Joint,American,15.72,Weekend,4.0,31,30,353,23
1476865,297232,Empanada Mama (closed),Mexican,31.38,Weekend,5.0,24,18,653,48
1477775,142461,Shake Shack,American,29.25,Weekend,4.0,25,19,470,117
1476737,94766,Nobu Next Door,Japanese,12.23,Weekday,5.0,31,29,293,88
1478251,99621,Jack's Wife Freda,Mediterranean,12.47,Weekend,5.0,34,20,312,69
1478079,54608,Tamarind TriBeCa,Indian,25.22,Weekend,5.0,30,26,96,126
1478144,155124,The Meatball Shop,Italian,33.03,Weekend,5.0,30,16,506,132
1476615,338599,RedFarm Hudson,Chinese,29.44,Weekday,4.0,29,32,719,105
1478419,118776,Blue Ribbon Sushi Bar & Grill,Japanese,15.96,Weekend,5.0,31,20,375,18
1476920,36118,RedFarm Broadway,Chinese,12.13,Weekend,4.0,20,19,11,104
1477786,145389,RedFarm Hudson,Chinese,4.75,Weekend,3.0,23,25,483,105
1476547,83095,Bareburger,American,6.84,Weekend,5.0,22,24,236,11
1477422,64401,The Meatball Shop,Italian,16.54,Weekday,5.0,32,24,149,132
1477436,88853,RedFarm Hudson,Chinese,29.29,Weekend,4.0,27,21,263,105
1478353,369809,Momoya,Japanese,12.23,Weekday,3.0,32,24,790,85
1477086,164529,Blue Ribbon Sushi,Japanese,17.08,Weekday,5.0,35,29,513,17
1477688,101285,Blue Ribbon Sushi,Japanese,12.13,Weekend,4.0,35,28,317,17
1476608,297674,Burger Joint,American,7.81,Weekend,3.0,33,24,654,23
1478375,214028,Boqueria,Spanish,22.85,Weekend,5.0,28,30,567,20
1476965,276192,Delicatessen,American,24.2,Weekend,4.0,21,19,624,36
1477055,77544,Bareburger,American,14.12,Weekend,4.0,26,19,212,11
1477949,385023,Rubirosa,Italian,24.35,Weekend,3.0,30,28,824,106
1477406,154022,Blue Ribbon Sushi Bar & Grill,Japanese,16.74,Weekend,4.0,22,20,502,18
1478118,101285,Blue Ribbon Sushi,Japanese,9.85,Weekend,3.0,24,15,317,17
1477352,100148,Sushi of Gari,Japanese,9.31,Weekend,5.0,31,22,313,122
1476879,259341,Blue Ribbon Fried Chicken,American,8.39,Weekend,4.0,26,17,609,16
1477111,127149,P.J. Clarke's,American,31.33,Weekend,4.0,26,19,407,93
1477818,144352,Shake Shack,American,22.36,Weekend,4.0,27,27,480,117
1477379,145962,Joe's Shanghai _Àü£¾÷´,Chinese,22.31,Weekday,3.0,27,31,485,70
1478125,49104,Shake Shack,American,16.15,Weekday,4.0,20,26,74,117
1477707,133330,Blue Ribbon Fried Chicken,American,25.27,Weekend,5.0,29,28,434,16
1476614,138462,Chipotle Mexican Grill $1.99 Delivery,Mexican,29.1,Weekday,5.0,21,29,451,31
1477105,67844,The Smile,American,9.17,Weekday,5.0,26,28,172,134
1476980,117810,Momoya,Japanese,6.02,Weekend,5.0,28,20,373,85
1477162,42755,Blue Ribbon Fried Chicken,American,15.72,Weekend,4.0,25,19,44,16
1477260,229946,Chipotle Mexican Grill $1.99 Delivery,Mexican,29.1,Weekend,4.0,27,25,578,31
1478297,180618,Bareburger,American,24.2,Weekend,5.0,27,24,532,11
1477820,41746,Schnipper's Quality Kitchen,American,25.22,Weekend,4.0,33,18,34,115
1478291,385134,RedFarm Broadway,Chinese,31.87,Weekend,5.0,27,18,825,104
1477952,371117,Shake Shack,American,13.1,Weekend,4.0,30,29,795,117
1478040,47280,Sushi of Gari Tribeca,Japanese,12.13,Weekday,5.0,22,26,63,124
1477905,164626,The Meatball Shop,Italian,15.57,Weekend,4.0,20,24,514,132
1477562,93113,The Odeon,American,6.69,Weekend,4.0,30,20,281,133
1476847,114085,The Meatball Shop,Italian,24.3,Weekend,4.0,29,15,366,132
1476604,126798,Cafe Mogador,Middle Eastern,19.45,Weekday,4.0,23,29,403,26
1478016,154471,Yama Japanese Restaurant,Japanese,9.65,Weekend,5.0,24,16,505,150
1477087,206039,Shake Shack,American,12.66,Weekend,5.0,25,15,558,117
1476706,327651,Hunan Manor,Chinese,5.72,Weekday,5.0,31,26,704,65
1477906,66012,Sushi of Gari Tribeca,Japanese,19.02,Weekend,5.0,27,29,158,124
1478142,114085,Hatsuhana,Japanese,29.15,Weekend,3.0,33,28,366,59
1477654,301032,Blue Ribbon Fried Chicken,American,12.13,Weekend,5.0,25,29,660,16
1477965,384411,Shake Shack,American,19.45,Weekday,3.0,24,29,821,117
1477588,286386,5 Napkin Burger,American,29.05,Weekend,3.0,26,21,639,2
1476772,149984,Sushi of Gari,Japanese,12.13,Weekday,5.0,29,26,494,122
1477101,81828,The Meatball Shop,American,14.55,Weekend,5.0,21,30,233,132
1477103,342515,Five Guys Burgers and Fries,American,19.45,Weekend,5.0,22,23,724,49
1477880,114410,The Meatball Shop,Italian,14.6,Weekend,5.0,21,23,367,132
1477346,235620,Shake Shack,American,5.53,Weekday,4.0,28,26,588,117
1477886,241310,Blue Ribbon Sushi,Japanese,32.93,Weekday,3.0,34,31,597,17
1477442,184325,Asuka Sushi,Japanese,19.45,Weekend,5.0,23,23,537,7
1477434,77857,Shake Shack,American,29.15,Weekend,5.0,20,21,214,117
1477423,80466,J. G. Melon,American,14.6,Weekend,5.0,32,24,224,68
1478424,304052,Parm,Italian,11.59,Weekday,5.0,35,29,667,94
1476571,334758,Melt Shop,American,29.15,Weekend,4.0,26,17,715,82
1476901,391860,Lucky's Famous Burgers,American,11.59,Weekend,5.0,26,23,841,80
1478113,74048,ilili Restaurant,Middle Eastern,25.22,Weekday,4.0,32,25,197,154
1477986,115213,Junoon,Indian,22.75,Weekend,5.0,29,28,368,71
1478420,104355,Momoya,Japanese,15.81,Weekend,5.0,25,15,331,85
1476883,354948,Westville Hudson,American,16.01,Weekend,5.0,20,18,753,144
1478442,378035,Five Guys Burgers and Fries,American,29.73,Weekend,5.0,21,25,812,49
1477898,68248,J. G. Melon,American,10.43,Weekday,5.0,35,29,177,68
1477476,276192,Delicatessen,American,32.93,Weekend,4.0,30,18,624,36
1477520,178158,Chipotle Mexican Grill $1.99 Delivery,Mexican,31.33,Weekend,4.0,35,21,529,31
1477751,385134,RedFarm Broadway,Chinese,16.2,Weekend,5.0,29,18,825,104
1476959,65007,Serafina Fabulous Pizza,Italian,19.5,Weekday,5.0,22,33,153,116
1477798,378035,Five Guys Burgers and Fries,American,13.0,Weekend,4.0,29,27,812,49
1477022,61588,Blue Ribbon Sushi,Japanese,12.08,Weekend,4.0,33,22,133,17
1477077,40808,Shake Shack,American,12.18,Weekend,4.0,27,23,26,117
1478361,371117,Shake Shack,American,29.1,Weekend,5.0,26,24,795,117
1477407,123535,RedFarm Hudson,Chinese,12.61,Weekend,5.0,31,22,389,105
1477199,154471,Yama Japanese Restaurant,Japanese,9.02,Weekday,3.0,25,33,505,150
1478074,41638,Blue Ribbon Fried Chicken,American,29.05,Weekend,5.0,30,29,33,16
1477454,210544,DespaÌ±a,Spanish,16.06,Weekend,5.0,21,17,564,37
1476870,94524,The Meatball Shop,Italian,24.3,Weekend,5.0,28,25,290,132
1477606,39406,RedFarm Broadway,Chinese,9.27,Weekday,4.0,32,29,19,104
1478302,318665,Blue Ribbon Sushi Bar & Grill,Japanese,4.9,Weekday,4.0,29,32,691,18
1476565,41991,Blue Ribbon Sushi Bar & Grill,Japanese,15.33,Weekend,5.0,32,29,37,18
1478200,164016,Blue Ribbon Fried Chicken,American,12.13,Weekend,5.0,28,23,512,16
1478264,70564,Jack's Wife Freda,Mediterranean,16.15,Weekday,5.0,22,24,187,69
1478256,147468,Tamarind TriBeCa,Indian,6.69,Weekend,5.0,22,18,489,126
1477483,142681,Osteria Morini,Italian,6.79,Weekday,4.0,32,29,474,91
1477257,400950,Sushi of Gari 46,Japanese,12.13,Weekday,5.0,34,28,856,123
1477030,240982,Rubirosa,Italian,24.3,Weekday,3.0,29,31,595,106
1476850,85091,The Meatball Shop,Italian,13.05,Weekday,5.0,23,31,243,132
1477356,354923,CafÌ© China,Chinese,15.57,Weekday,4.0,34,31,752,29
1477990,59673,Rubirosa,Italian,12.95,Weekend,4.0,30,25,117,106
1477448,142574,Sushi of Gari,Japanese,22.75,Weekend,5.0,30,22,471,122
1477784,146555,Momoya,Japanese,24.3,Weekend,5.0,28,20,486,85
1478070,129206,RedFarm Broadway,Chinese,14.07,Weekend,3.0,20,15,417,104
1477501,151191,RedFarm Hudson,Chinese,12.18,Weekend,5.0,34,24,499,105
1476727,49086,Jack's Wife Freda,Mediterranean,12.95,Weekday,3.0,22,33,73,69
1477511,261665,RedFarm Broadway,Chinese,7.67,Weekend,5.0,24,15,613,104
1477551,277898,Blue Ribbon Fried Chicken,American,29.44,Weekend,4.0,33,27,626,16
1477096,158578,Xi'an Famous Foods,Chinese,14.12,Weekday,3.0,24,31,509,148
1478197,41205,Shake Shack,American,12.08,Weekend,5.0,28,23,28,117
1477082,107909,ilili Restaurant,Middle Eastern,24.2,Weekday,4.0,34,24,351,154
1477781,183520,Tamarind TriBeCa,Indian,12.47,Weekend,5.0,32,26,535,126
1478397,121706,Blue Ribbon Fried Chicken,American,24.3,Weekend,5.0,22,15,384,16
1477608,125123,Le Grainne Cafe,French,15.96,Weekend,4.0,25,22,395,78
1478241,60052,RedFarm Broadway,Chinese,24.2,Weekend,5.0,31,19,123,104
1477732,399729,Shake Shack,American,24.25,Weekend,4.0,20,29,853,117
1476989,64401,The Meatball Shop,Italian,21.34,Weekday,5.0,22,24,149,132
1477863,128216,Shake Shack,American,8.2,Weekday,4.0,33,26,410,117
1477134,361654,The Meatball Shop,Italian,13.53,Weekend,5.0,22,24,767,132
1478344,55334,Sushi of Gari Tribeca,Japanese,9.46,Weekend,5.0,32,20,100,124
1478243,159626,Blue Ribbon Sushi,Japanese,29.1,Weekend,4.0,21,15,510,17
1477069,377260,Blue Ribbon Fried Chicken,American,12.18,Weekend,5.0,35,27,808,16
1476953,252342,Westville Hudson,American,20.13,Weekend,4.0,29,19,605,144
1477700,60039,Blue Ribbon Sushi,Japanese,33.37,Weekday,3.0,30,27,122,17
1478213,122092,Han Dynasty,Chinese,22.31,Weekend,3.0,23,29,386,57
1476779,378820,Sushi Samba,Japanese,31.33,Weekend,5.0,35,20,815,121
1478207,62161,Tamarind TriBeCa,Indian,24.2,Weekend,4.0,28,26,136,126
1477075,52832,ilili Restaurant,Middle Eastern,31.43,Weekday,3.0,26,29,86,154
1477145,207281,Shake Shack,American,29.3,Weekday,5.0,33,32,559,117
1478153,300208,Xi'an Famous Foods,Chinese,6.02,Weekend,5.0,33,24,657,148
1477742,338599,Blue Ribbon Fried Chicken,American,6.84,Weekend,3.0,24,26,719,16
1477391,60835,RedFarm Hudson,Chinese,16.49,Weekend,3.0,34,20,126,105
1476705,260680,Cafe Mogador,Middle Eastern,5.77,Weekend,3.0,20,16,610,26
1477694,192317,Shake Shack,American,24.3,Weekend,4.0,25,15,543,117
1477062,396432,Blue Ribbon Sushi,Japanese,19.4,Weekend,5.0,26,17,844,17
1477771,232035,ilili Restaurant,Middle Eastern,12.23,Weekday,5.0,24,32,582,154
1477144,62667,Balthazar Boulangerie,French,29.1,Weekend,5.0,31,27,138,9
1477149,102710,Rye House,American,12.13,Weekday,4.0,26,30,322,107
1478182,135970,Momoya,Japanese,25.27,Weekday,5.0,31,30,444,85
1478405,58675,Shake Shack,American,11.59,Weekday,3.0,23,25,108,117
1477857,363202,S'MAC,American,25.27,Weekend,5.0,20,29,774,108
1477641,128224,Blue Ribbon Sushi,Japanese,24.2,Weekend,4.0,29,18,411,17
1476690,124875,Vanessa's Dumplings,Chinese,24.2,Weekend,4.0,20,18,394,141
1476913,145216,Grand Sichuan International,Chinese,7.66,Weekday,5.0,33,31,482,54
1478119,276192,Sushi of Gari Tribeca,Japanese,10.86,Weekday,4.0,28,28,624,124
1476976,300552,Shake Shack,American,22.26,Weekday,5.0,33,32,659,117
1478105,143721,Hummus Place,Middle Eastern,29.05,Weekend,5.0,26,17,476,64
1476945,49034,The Smile,American,7.81,Weekend,5.0,24,21,72,134
1477259,145952,Blue Ribbon Sushi,Japanese,29.15,Weekend,4.0,31,19,484,17
1477141,66331,Shake Shack,American,24.3,Weekend,5.0,21,24,160,117
1478254,239985,5 Napkin Burger,American,25.22,Weekend,5.0,27,21,592,2
1478365,60039,ilili Restaurant,Middle Eastern,32.93,Weekend,4.0,25,17,122,154
1477380,108659,Rubirosa,Italian,25.27,Weekday,4.0,23,31,352,106
1477548,79255,The Meatball Shop,Italian,12.95,Weekday,4.0,29,24,221,132
1478444,355090,Shake Shack,American,31.43,Weekend,3.0,22,24,754,117
1477106,103852,J. G. Melon,American,8.83,Weekend,5.0,31,19,328,68
1477664,47440,Blue Ribbon Fried Chicken,American,29.3,Weekend,4.0,28,16,65,16
1477917,71249,Momoya,Japanese,24.3,Weekend,4.0,35,30,188,85
1477381,316223,The Smile,American,25.22,Weekday,4.0,25,28,684,134
1476745,377771,Blue Ribbon Fried Chicken,American,12.61,Weekend,3.0,30,30,810,16
1477885,178158,Chipotle Mexican Grill $1.99 Delivery,Mexican,29.1,Weekday,4.0,22,32,529,31
1476724,130956,Blue Ribbon Sushi,Japanese,21.83,Weekday,3.0,21,26,427,17
1476750,94152,Empanada Mama (closed),Mexican,15.37,Weekend,3.0,35,30,288,48
1478285,113817,Blue Ribbon Fried Chicken,American,12.18,Weekend,4.0,32,22,363,16
1477910,39702,Frank Restaurant,Italian,12.08,Weekday,4.0,20,31,21,51
1477480,75722,Yama 49,Japanese,22.31,Weekend,5.0,29,17,204,149
1478090,62359,Blue Ribbon Sushi Izakaya,Japanese,16.01,Weekday,5.0,23,27,137,19
1477633,378753,Shake Shack,American,29.1,Weekend,5.0,29,17,814,117
1478095,183520,Blue Ribbon Sushi,Japanese,12.18,Weekend,4.0,30,17,535,17
1478013,283884,Westville Hudson,American,12.56,Weekend,5.0,26,28,632,144
1478369,243341,Sushi Samba,Japanese,22.36,Weekend,5.0,31,30,599,121
1476970,275689,Nobu Next Door,Japanese,33.37,Weekend,4.0,32,21,623,88
1478234,102620,Balthazar Boulangerie,French,12.23,Weekend,4.0,35,23,321,9
1477114,47594,Dos Caminos,Mexican,12.18,Weekday,5.0,24,30,66,44
1477644,82041,Osteria Morini,Italian,5.77,Weekend,3.0,24,19,234,91
1477186,291891,The Kati Roll Company,Indian,11.64,Weekend,4.0,34,18,645,129
1477610,35643,Vanessa's Dumpling House,Chinese,16.49,Weekend,5.0,26,25,10,140
1476843,361846,Sarabeth's West,American,14.12,Weekday,3.0,21,33,770,113
1477941,64830,Cafeteria,American,15.52,Weekend,3.0,28,30,152,28
1478154,383688,CafÌ© China,Chinese,12.61,Weekend,5.0,20,20,818,29
1477855,5139,Sushi of Gari 46,Japanese,22.26,Weekend,5.0,28,22,0,123
1478261,106940,Parm,Italian,9.07,Weekday,4.0,23,30,348,94
1477121,274232,Nobu Next Door,Japanese,7.86,Weekday,5.0,20,27,621,88
1477871,124875,Shake Shack,American,21.39,Weekend,3.0,33,22,394,117
1476644,142461,Shake Shack,American,16.93,Weekend,5.0,35,28,470,117
1477415,58800,Mamoun's Falafel,Mediterranean,14.41,Weekend,5.0,33,26,109,81
1476723,136807,RedFarm Hudson,Chinese,19.35,Weekday,5.0,35,28,445,105
1478258,222734,Shake Shack,American,16.98,Weekend,3.0,23,23,575,117
1477222,348096,The Meatball Shop,Italian,11.64,Weekend,4.0,23,24,735,132
1476790,141732,Cho Dang Gol,Korean,12.18,Weekday,5.0,20,26,463,32
1477330,198802,DuMont Burger,American,24.25,Weekend,3.0,28,20,551,46
1478124,328331,S'MAC,American,16.11,Weekday,5.0,25,24,705,108
1477076,68834,Sushi of Gari 46,Japanese,31.43,Weekend,5.0,29,30,181,123
1476661,42755,Blue Ribbon Sushi,Japanese,12.13,Weekend,3.0,24,23,44,17
1478268,306119,Xi'an Famous Foods,Chinese,20.86,Weekend,4.0,35,26,676,148
1477253,111125,Blue Ribbon Sushi,Japanese,8.54,Weekend,5.0,34,29,360,17
1477778,100889,RedFarm Broadway,Chinese,31.43,Weekend,4.0,30,23,315,104
1476923,50199,J. G. Melon,American,19.4,Weekday,4.0,35,26,79,68
1477362,172758,Shake Shack,American,12.23,Weekday,4.0,31,24,521,117
1477404,96254,Yama Japanese Restaurant,Japanese,6.69,Weekend,4.0,28,17,296,150
1477000,328731,Blue Ribbon Fried Chicken,American,29.59,Weekend,5.0,23,25,708,16
1478320,85091,The Meatball Shop,Italian,13.53,Weekday,3.0,20,31,243,132
1478304,321492,'wichcraft,American,8.1,Weekday,5.0,28,28,698,0
1477132,110792,Blue Ribbon Sushi,Japanese,12.13,Weekend,5.0,28,15,358,17
1477466,222734,Shake Shack,American,13.97,Weekend,5.0,35,27,575,117
1478011,96877,Melt Shop,American,16.98,Weekend,5.0,30,19,300,82
1477437,304993,Shake Shack,American,31.43,Weekend,3.0,31,24,674,117
1477550,97324,Shake Shack,American,29.05,Weekday,4.0,27,29,304,117
1478277,48282,The Meatball Shop,American,14.5,Weekend,5.0,34,25,69,132
1477353,106324,The Meatball Shop,Italian,16.2,Weekend,5.0,21,26,346,132
1478190,94152,RedFarm Broadway,Chinese,8.68,Weekday,3.0,33,30,288,104
1477316,164776,TAO,Japanese,15.67,Weekend,5.0,20,22,515,125
1476701,292602,Chipotle Mexican Grill $1.99 Delivery,Mexican,22.31,Weekend,5.0,31,17,647,31
1477421,397537,The Smile,American,12.18,Weekend,5.0,31,19,847,134
1477513,64151,Jack's Wife Freda,Mediterranean,12.18,Weekday,5.0,23,31,147,69
